Date,Close,High,Low,Open,Volume,Ticker
2024-01-02,88.23571014404297,88.98471107536552,87.2824456767265,87.6423484685286,10587600,DIS
2024-01-03,89.15007019042969,89.56834140428779,87.54507565254214,87.76880522235426,11929800,DIS
2024-01-04,88.08980560302734,89.43216829224372,87.54508301684601,89.43216829224372,12087400,DIS
2024-01-05,88.4205322265625,88.82907415185338,87.89526085635063,87.94389998038982,9092100,DIS
2024-01-08,89.05278778076172,89.43214913219012,88.51778719731806,89.05278778076172,11103700,DIS
2024-01-09,87.22408294677734,88.61507734601406,87.15599262323242,88.56644564136121,11255100,DIS
2024-01-10,86.85444641113281,87.36998846626119,86.45562637827453,87.36998846626119,15091600,DIS
2024-01-11,87.01007080078125,87.33107117712638,86.2708066520495,86.95170979464129,9642200,DIS
2024-01-12,87.88553619384766,88.35244657692905,87.20463294902976,87.20463294902976,11919400,DIS
2024-01-16,90.51188659667969,90.5507889895906,87.01980684051028,87.82716878724415,16780900,DIS
2024-01-17,87.87578582763672,91.20250388438892,87.6423344026796,90.05469053152649,15735200,DIS
2024-01-18,89.6948013305664,89.9866212459026,87.94390410241547,88.18708489143272,12203200,DIS
2024-01-19,90.5216064453125,91.0274265972199,89.13061215949925,89.8017934520622,19790100,DIS
2024-01-22,92.48651885986328,92.63242881658434,90.33680158945825,90.33680158945825,15119400,DIS
2024-01-23,91.21224212646484,93.27441777702043,90.63833905776524,92.82696604007964,11559400,DIS
2024-01-24,90.94960021972656,92.6518654644808,90.71614877840649,91.84450359585979,10454900,DIS
2024-01-25,92.27251434326172,92.35033397277873,91.19279110290032,91.3581522496577,8661600,DIS
2024-01-26,92.75886535644531,92.92422648441419,92.11686461780732,92.40868448469504,7812800,DIS
2024-01-29,94.83077239990234,94.84050170880755,92.40869397268428,92.8172358912438,13422200,DIS
2024-01-30,94.29578399658203,94.87941639898679,93.39115117540362,93.88723463573892,9139600,DIS
2024-01-31,93.4300537109375,94.90858950989643,93.19659483113762,93.7899564967082,9592300,DIS
2024-02-01,94.41249084472656,95.25876251598821,93.28413603766514,93.74131702945175,8484800,DIS
2024-02-02,94.4805908203125,94.75295951870353,93.2063259504579,93.653777680168,9321300,DIS
2024-02-05,94.01368713378906,94.71404893855329,93.85804787882451,94.06231883499937,11679300,DIS
2024-02-06,96.58168029785156,96.6108608042939,94.1498724771421,94.27632381215513,16455500,DIS
2024-02-07,96.4357681274414,96.57194876856748,94.00396036263547,94.73350269207725,28886300,DIS
2024-02-08,107.52481079101562,109.69397911635014,103.88682852821529,104.15918980482337,60558400,DIS
2024-02-09,105.43346405029297,107.14545891147586,104.75256079820885,106.61045819820343,21509100,DIS
2024-02-12,106.30891418457031,108.0306308984366,104.88873927304552,104.93737097787775,13424000,DIS
2024-02-13,107.44699096679688,107.63181072756687,105.25836402782312,105.32645434685078,14594500,DIS
2024-02-14,108.51698303222656,108.63371247198675,106.67853702840986,107.56371858202652,11405500,DIS
2024-02-15,109.38270568847656,109.83988671642321,108.05007983907842,108.05007983907842,9961900,DIS
2024-02-16,108.55589294433594,109.48970619940368,108.12789984073493,108.96443485193657,8782200,DIS
2024-02-20,106.45481872558594,108.09871572253832,106.36726978728018,107.82635444121074,9770900,DIS
2024-02-21,104.73309326171875,106.24081701890667,104.31482203639675,105.52100401066237,10427500,DIS
2024-02-22,104.70390319824219,105.53071626455281,104.48018106400949,105.04435476421861,9266200,DIS
2024-02-23,104.80117797851562,105.0540880462171,102.9432808360272,104.63581684325565,11724000,DIS
2024-02-26,104.7428207397461,105.79336343911606,104.45100084949173,104.58718148593361,8694200,DIS
2024-02-27,106.43535614013672,106.59099539297279,104.84009090500734,104.84009090500734,7595000,DIS
2024-02-28,107.77771759033203,108.01116904584826,105.69609084386641,105.81281286098054,10773000,DIS
2024-02-29,108.53643798828125,109.67452215772238,107.94307634343666,108.1084374782195,11658300,DIS
2024-03-01,108.89635467529297,109.09090375985507,108.00145115017355,108.4002712075593,7242400,DIS
2024-03-04,110.5888900756836,111.01688318725479,108.75044403595673,109.59670837156193,11558900,DIS
2024-03-05,109.79125213623047,112.04796929094088,109.20761237552038,110.51106510747498,14929600,DIS
2024-03-06,107.05789947509766,110.20952758776644,106.26999615757452,109.99552732342976,14743900,DIS
2024-03-07,107.17462921142578,108.05008146735808,106.22135732801323,107.68044194747104,8609300,DIS
2024-03-08,107.3108139038086,108.27380771107856,106.3575419843749,107.17463326121641,10009200,DIS
2024-03-11,109.24653625488281,109.83017609074581,107.02872862672758,107.08708964179837,8794300,DIS
2024-03-12,109.39244842529297,109.86908070768033,108.59481571094949,109.45080944154357,8085000,DIS
2024-03-13,109.43135070800781,111.01688671771333,109.37298969577584,109.66480217822414,7267900,DIS
2024-03-14,109.00334930419922,109.28543989658242,106.52290982710004,108.69207820592953,10520500,DIS
2024-03-15,108.89635467529297,109.8788071437875,108.36136139064688,108.55590305392023,15364200,DIS
2024-03-18,110.74452209472656,111.30870326692762,109.22707645211925,109.22707645211925,11820800,DIS
2024-03-19,111.38652801513672,112.0285214237161,110.15116548055637,110.31653405331204,10999700,DIS
2024-03-20,113.2833251953125,113.3319643161915,111.2406082802886,111.48378904210783,11699600,DIS
2024-03-21,113.51678466796875,114.15878548674314,112.69970081275234,113.79887526216159,10353500,DIS
2024-03-22,112.70943450927734,114.45060984523916,112.68024658077907,113.73078936805581,7144800,DIS
2024-03-25,116.10423278808594,116.15287191284898,113.68215428491389,113.77942511315149,12103600,DIS
2024-03-26,116.65868377685547,117.11586482947968,114.96614763039192,116.36686387309452,11870000,DIS
2024-03-27,117.68004608154297,118.70140090267455,116.74622535752488,117.66058746326135,10782800,DIS
2024-03-28,119.02239990234375,120.36475511761951,117.89403753661094,117.94267666045018,15367400,DIS
2024-04-01,118.21504211425781,119.06131391841943,117.48549975865633,118.73058419147668,8419700,DIS
2024-04-02,119.4698486328125,120.16048113046881,116.88240909379647,116.94077010390349,15517100,DIS
2024-04-03,115.73458862304688,120.31611317403441,115.15094887180753,118.93484084022735,22480400,DIS
2024-04-04,113.89613342285156,116.91158068410843,113.76968210349914,115.96803817912178,13815400,DIS
2024-04-05,115.15095520019531,115.61786554258939,113.12769683992263,113.41950931029182,9653900,DIS
2024-04-08,114.14904022216797,115.28712432769315,113.63349823015848,114.80076283767855,6266000,DIS
2024-04-09,114.75215148925781,115.27742288216899,113.70160870343547,114.17824097020555,7451100,DIS
2024-04-10,113.99342346191406,114.35332626244079,113.1957908097817,113.4195129688191,6746300,DIS
2024-04-11,113.95451354980469,115.05368798982734,113.19579071321486,114.38250667071094,6559400,DIS
2024-04-12,110.90015411376953,113.51677400349531,110.6277928542847,113.21523224067822,12155200,DIS
2024-04-15,109.86907196044922,112.39815797552602,109.69398150434834,111.74642785369652,9637100,DIS
2024-04-16,110.7737045288086,111.37679552558912,109.45080051226883,109.74262041229227,9291400,DIS
2024-04-17,109.85934448242188,111.09469950000775,109.81070536103454,110.89042854849929,7379000,DIS
2024-04-18,109.36325073242188,111.13360635296553,109.12979928281386,110.09279300607373,8235600,DIS
2024-04-19,109.53834533691406,109.64534546815155,108.05008022952295,108.67262239965663,9436000,DIS
2024-04-22,108.93526458740234,110.54025928532069,108.70181310701257,110.01498788847712,6901700,DIS
2024-04-23,110.60833740234375,111.12387943273063,109.72316328369351,109.75234378786062,6839300,DIS
2024-04-24,110.81261444091797,111.06552452640791,110.0538916057365,110.0538916057365,6157200,DIS
2024-04-25,109.69397735595703,109.81070679603927,107.378899120653,108.18626104999038,8045900,DIS
2024-04-26,109.65508270263672,109.93716588215564,108.28353951470586,108.79908159086531,6304800,DIS
2024-04-29,109.0228042602539,110.77370134622532,107.33026076280697,109.9566175236963,7151200,DIS
2024-04-30,108.06954193115234,108.98390407923645,107.7777294350091,108.9449942621596,8156600,DIS
2024-05-01,107.46644592285156,108.93525238630198,107.20380654320186,108.25434921922484,6338400,DIS
2024-05-02,109.5480728149414,109.79125357800143,107.54425828085105,108.39053000796358,6799800,DIS
2024-05-03,110.55970764160156,110.99743005436139,109.7231652081284,110.44297820159784,7411100,DIS
2024-05-06,113.29306030273438,113.75024134576174,111.03634301439178,111.6686145117426,16303200,DIS
2024-05-07,102.5152816772461,104.9373599945285,101.36746818104245,104.32454714450417,55084600,DIS
2024-05-08,102.56392669677734,103.57555961782174,101.59120359053716,102.03865532885304,15238100,DIS
2024-05-09,102.91410827636719,103.2351012633297,101.54256512545244,101.76629470670596,15096000,DIS
2024-05-10,102.90438079833984,104.10082609214486,102.54447056862814,104.00355526341666,15884600,DIS
2024-05-13,102.94329071044922,103.73119407156021,102.70983181573679,102.70983181573679,9666400,DIS
2024-05-14,102.47637176513672,103.09891392301994,102.08728106113772,102.42774006544178,11278400,DIS
2024-05-15,99.96675109863281,102.9919205750063,98.62439587380622,102.73901790885026,20745600,DIS
2024-05-16,100.5503921508789,101.19238555461514,100.03484266050064,100.22939173836654,9476700,DIS
2024-05-17,100.43365478515625,100.98810662610173,100.2293838354698,100.80328687202393,7356000,DIS
2024-05-20,100.09320831298828,100.84220183341465,99.72356878595933,100.5114795421659,7667400,DIS
2024-05-21,100.20021057128906,100.87138447695733,99.91811997620998,100.18075195298653,7333300,DIS
2024-05-22,100.20993041992188,100.99784117679476,99.94729844848978,100.17102802668536,7190300,DIS
2024-05-23,97.914306640625,100.20020434407111,97.5349378201871,100.17102383971927,10504000,DIS
2024-05-24,98.98430633544922,99.30529932346353,97.9434928984612,98.09912473790929,6451600,DIS
2024-05-28,99.64575958251953,100.05430151506938,98.19639677882981,98.59521682342978,7813100,DIS
2024-05-29,98.12831115722656,99.29558341922538,98.02131101434445,98.98431230028348,7376300,DIS
2024-05-30,98.92593383789062,99.28584404759141,98.21585014849558,98.38121129026834,7300600,DIS
2024-05-31,101.07565307617188,101.24101420929026,98.64384551400381,98.75083821915449,14735800,DIS
2024-06-03,99.96675109863281,101.37720406583419,99.68466792648094,101.32856494164888,6908600,DIS
2024-06-04,100.511474609375,100.66710643841641,98.85784097042155,99.3247513001216,7269100,DIS
2024-06-05,98.73139953613281,100.2683038913021,98.27421846910119,100.19048425834167,10796900,DIS
2024-06-06,98.44930267333984,99.1496644828782,98.0602119545643,98.29367083860254,10294700,DIS
2024-06-07,98.77030944824219,99.48039319114967,97.8073156086128,98.10885741001555,6047800,DIS
2024-06-10,99.93756866455078,100.04456879866339,97.89485165008082,98.48821333150953,7621900,DIS
2024-06-11,98.11857604980469,100.07374402351978,97.99211730455085,99.84029257108728,9134200,DIS
2024-06-12,98.05049133300781,98.9162142972849,97.51549066012275,98.43957463551882,9041800,DIS
2024-06-13,97.3598403930664,98.3131121875185,96.8929375143332,97.86566050319607,10164600,DIS
2024-06-14,97.24313354492188,97.6419461734639,96.54277169634322,97.08749428022057,7087600,DIS
2024-06-17,98.75084686279297,99.13993759105443,97.87540200081517,98.22558291412165,10389000,DIS
2024-06-18,98.73139953613281,98.98430963260984,97.86567652799198,98.36176741150382,7044700,DIS
2024-06-20,99.06211853027344,99.15939677886396,97.64194367205509,97.826763438831,7886900,DIS
2024-06-21,99.48039245605469,99.74303186028749,98.81894042271574,99.02321881324731,14137300,DIS
2024-06-24,99.19829559326172,100.26828941750277,99.13020527957241,99.46092753998118,7393600,DIS
2024-06-25,99.41230010986328,100.85193359593471,98.99402887050977,99.85975927676205,10296100,DIS
2024-06-26,99.39285278320312,99.57767255841097,98.6633104132211,99.12049148581603,10122300,DIS
2024-06-27,99.38311767578125,99.4901178108395,99.0329367649158,99.2566663440253,8365200,DIS
2024-06-28,96.58168029785156,99.78194028045984,95.69649868889483,99.23721028214473,21439400,DIS
2024-07-01,95.36578369140625,97.01941016762183,95.2101444167422,96.68868784089435,15299000,DIS
2024-07-02,95.31713104248047,95.31713104248047,94.3054981645266,95.26849934201293,13340300,DIS
2024-07-03,95.92021942138672,96.37740043689348,95.16149663875329,95.17121852581117,5030000,DIS
2024-07-05,95.31713104248047,95.62840212636719,94.91831844497936,95.62840212636719,8550800,DIS
2024-07-08,95.15101623535156,96.05004836270643,94.68195178099923,95.46372338641093,8167600,DIS
2024-07-09,94.83831024169922,95.30736724624936,93.95881903875937,95.24873698456226,9044400,DIS
2024-07-10,94.76012420654297,95.06305714236103,94.0565312990065,94.74057581715248,7761100,DIS
2024-07-11,94.39855194091797,95.35622170544238,94.10539320481732,94.7992119057726,7422600,DIS
2024-07-12,94.91647338867188,95.6005253576208,94.76989774688556,94.8871582603146,6465700,DIS
2024-07-15,94.66239929199219,95.2682651294881,94.39854823877083,95.11191530080471,7417700,DIS
2024-07-16,96.22594451904297,96.47024720850717,94.3399274581583,94.80898444683477,10755500,DIS
2024-07-17,95.09237670898438,96.362753679718,94.33015350875476,96.05982072976173,9456100,DIS
2024-07-18,94.58423614501953,95.82529060575882,94.4767423583972,95.14124601409573,7529400,DIS
2024-07-19,93.55815887451172,94.61354831621982,93.26500011105502,94.61354831621982,9301000,DIS
2024-07-22,91.98484802246094,92.99138138833968,91.3594337198047,92.94251786713698,13377000,DIS
2024-07-23,88.86754608154297,89.60045412829722,87.7828415759046,88.63301013860276,22534700,DIS
2024-07-24,87.75352478027344,88.68187197298684,87.53853723109113,88.16395148933456,11768500,DIS
2024-07-25,87.17697143554688,88.43757421683678,87.17697143554688,88.02714748493582,10765300,DIS
2024-07-26,87.88056182861328,88.48643516921169,87.30400361722467,87.94896628194485,11301900,DIS
2024-07-29,90.04019927978516,90.44085927203948,88.13464127047585,88.33008044124166,13024800,DIS
2024-07-30,91.652587890625,91.89689055347809,89.58089862564165,89.58089862564165,9896100,DIS
2024-07-31,91.55487060546875,92.6786569182672,91.5060070894663,91.65259018194786,10241800,DIS
2024-08-01,90.9294662475586,91.80894998693971,90.48971692234144,91.72100459521224,9263600,DIS
2024-08-02,87.52876281738281,90.09882429543472,86.97175301204358,90.05974242797761,15433600,DIS
2024-08-05,85.77955627441406,87.51899017257328,84.45054909155678,84.90983932533445,19103200,DIS
2024-08-06,87.91964721679688,89.81543834643969,85.95545163688477,86.21930269901337,21717500,DIS
2024-08-07,84.00102996826172,87.20627983668973,83.7958166181457,85.99454066935068,30581900,DIS
2024-08-08,84.00102996826172,84.36260060733808,81.99775252825715,83.20949169559621,21890500,DIS
2024-08-09,84.2453384399414,84.28442776487235,82.77952230490015,84.16715979007954,16008400,DIS
2024-08-12,83.99125671386719,84.41145761324371,83.53197394733907,83.90331132948711,11754600,DIS
2024-08-13,83.64923095703125,84.48963272059244,83.36583897113033,84.48963272059244,14615200,DIS
2024-08-14,84.33329010009766,84.56781859086192,83.61014878232456,84.04989808997462,9475100,DIS
2024-08-15,86.76654052734375,86.90334943139243,85.22254580390738,85.26163512728216,12401000,DIS
2024-08-16,87.2649154663086,87.62647864123481,86.32678666597526,86.93265996295601,10277700,DIS
2024-08-19,88.75027465820312,88.87730936404351,87.37241146076963,87.37241146076963,9723600,DIS
2024-08-20,87.69489288330078,88.60369920250344,87.27469195172263,88.33008137831796,8863400,DIS
2024-08-21,88.65254974365234,88.7111799958146,87.39194713348564,88.16394442756565,7637600,DIS
2024-08-22,87.87079620361328,89.29752312333719,87.65580862773912,88.91641149538826,7613000,DIS
2024-08-23,88.49620056152344,88.6818729843941,87.63625781051266,88.09554804254466,7369200,DIS
2024-08-26,89.68840026855469,89.70794865839365,88.84799843810913,88.84799843810913,8043800,DIS
2024-08-27,88.82846069335938,89.62977322842598,88.68187758640877,89.34638120979521,7237400,DIS
2024-08-28,87.45059204101562,88.55484501196356,86.73723233507526,88.2714529864781,8569700,DIS
2024-08-29,87.76329040527344,88.63300733008765,87.58739218140506,88.38870465557746,6181800,DIS
2024-08-30,88.32030487060547,88.38870932486087,87.3626425110299,87.92942653516111,8403600,DIS
2024-09-03,87.09878540039062,88.4277925243179,86.52223467667811,87.56784980816971,8465500,DIS
2024-09-04,87.21605682373047,87.9685057982488,86.79585591560237,86.9228906253058,6317200,DIS
2024-09-05,86.6297378540039,87.62648957740926,86.32679743994237,87.62648957740926,6234100,DIS
2024-09-06,85.9359130859375,87.05969944929912,85.72092553469493,86.43428518506225,7791500,DIS
2024-09-09,86.32678985595703,86.8642587243915,85.80886937666162,86.20952934322659,8750200,DIS
2024-09-10,86.38542938232422,86.86426054892506,85.97500266809493,86.31702492995267,6858300,DIS
2024-09-11,86.30725860595703,86.41475239170465,84.61668062099366,86.04341496718449,10779000,DIS
2024-09-12,87.2649154663086,87.29423059340793,86.17043683627017,86.20952615757787,7173300,DIS
2024-09-13,88.4864273071289,88.6525513282416,87.35285937489401,87.41148962810423,7084200,DIS
2024-09-16,89.75680541992188,90.2649591823191,88.87731425848537,89.0238973613125,9028600,DIS
2024-09-17,90.74378204345703,91.12489360256458,90.06950430556262,90.26495090992907,8193100,DIS
2024-09-18,91.44737243652344,91.92620355710974,90.57765557329454,91.38873472903552,10289800,DIS
2024-09-19,91.32034301757812,93.1184147022594,91.19330830210299,92.65912444977215,10912400,DIS
2024-09-20,91.6135025024414,91.8675793702621,90.70469625939616,91.07603363888339,19251500,DIS
2024-09-23,90.85128021240234,91.56463985019633,90.05974192907514,91.56463985019633,7338700,DIS
2024-09-24,91.55487060546875,91.65259018194786,90.3528981937509,91.21284090450318,7860300,DIS
2024-09-25,91.77963256835938,92.28778633742773,91.22262273472481,91.506014749104,8408200,DIS
2024-09-26,93.03045654296875,93.60701473832817,92.03370489991615,92.30732270563544,10061600,DIS
2024-09-27,93.82201385498047,94.69173089704488,93.10864666880727,93.3138600483984,10155400,DIS
2024-09-30,93.9979019165039,95.3464500314792,93.26499387358831,94.64285711739603,7982300,DIS
2024-10-01,91.90666961669922,93.66564440911546,91.1933025229432,93.02068922188731,10099200,DIS
2024-10-02,92.00438690185547,92.4245877919684,91.45714385195963,91.45714385195963,6144200,DIS
2024-10-03,91.4962387084961,91.94575475328124,91.00763333953056,91.47669777416903,6180300,DIS
2024-10-04,92.98160552978516,93.16727050487583,91.75031788166248,92.15097787288333,6308900,DIS
2024-10-07,90.28449249267578,92.9718218139776,89.66885245942134,92.92295829865274,11043600,DIS
2024-10-08,90.40177154541016,91.60373663237526,89.60045900225788,90.41153828525263,10209100,DIS
2024-10-09,91.46692657470703,91.86758656903265,89.37569612349063,89.76658192256949,8654500,DIS
2024-10-10,90.87081909179688,91.74053600099644,90.57766036096349,91.58418616899048,6698000,DIS
2024-10-11,91.98484802246094,92.45391247721639,90.68516335147235,90.73401941714847,8089100,DIS
2024-10-14,92.80570220947266,93.02068975829711,91.66236746948007,92.03370485484211,6262000,DIS
2024-10-15,92.07278442382812,93.47019588762174,91.54508980230551,93.07931015439847,6535800,DIS
2024-10-16,94.54513549804688,94.58422482082288,91.49623542125228,91.59396245595529,9936300,DIS
2024-10-17,94.33992767333984,95.11192506847074,93.43112136823905,94.72103927333116,9542500,DIS
2024-10-18,95.06305694580078,95.3171338186694,93.86109194418299,94.79921333378319,8609700,DIS
2024-10-21,94.41810607910156,95.22918534167341,93.76336920533862,94.98488265228428,8189900,DIS
2024-10-22,94.53536224365234,95.04351598926817,94.00766756421717,94.00766756421717,5344300,DIS
2024-10-23,94.04676055908203,94.92625172581039,93.80245787140895,94.72103836282817,5388500,DIS
2024-10-24,93.22590637207031,94.59400290335745,93.07932326951699,94.39855628144426,5015300,DIS
2024-10-25,92.86433410644531,94.64285732968885,92.84479317235524,93.6265572799031,6638100,DIS
2024-10-28,94.0076675415039,94.48650615851199,93.04023102386952,93.05000521853988,8146400,DIS
2024-10-29,93.93926239013672,94.41810100357807,93.49952055508554,94.06630455332672,6834400,DIS
2024-10-30,92.91320037841797,94.50605122514175,92.77639146915465,93.51906627500514,7718200,DIS
2024-10-31,94.0076675415039,94.42786844601598,92.83501766894867,93.09886128083947,8147700,DIS
2024-11-01,93.62655639648438,94.19334040158881,92.66889406905725,93.5190626211878,7944900,DIS
2024-11-04,93.60700988769531,93.83176416409272,92.8643276995666,93.64609920870478,6088000,DIS
2024-11-05,94.42787170410156,94.4669610286056,93.0793235585809,93.42134582858327,6561700,DIS
2024-11-06,96.6363754272461,97.28133813397693,95.97187178494465,95.97187178494465,11325100,DIS
2024-11-07,96.67546844482422,97.25201926025288,95.89369679267222,96.52888532810483,7805100,DIS
2024-11-08,96.76339721679688,96.99793314546349,95.38553404962772,96.48001268349475,7982100,DIS
2024-11-11,98.56148529052734,98.6005746185414,96.74387254327219,96.74387254327219,9137900,DIS
2024-11-12,98.68851470947266,98.98168092605408,97.23247273297851,98.25854703548691,9366200,DIS
2024-11-13,100.37908172607422,100.84813867496665,98.06308974239977,98.49306482515598,17701300,DIS
2024-11-14,106.63323974609375,112.19356384498845,105.92964681306368,107.8156638591757,47436100,DIS
2024-11-15,112.45741271972656,112.56490649658528,107.73748309937983,107.73748309937983,32048000,DIS
2024-11-18,110.95250701904297,112.80920889447374,110.31731855435267,110.7472936607017,14226200,DIS
2024-11-19,109.8580322265625,109.9362108769569,108.29449649630664,109.49646901565967,12166800,DIS
2024-11-20,111.65609741210938,111.76359118626634,108.92967864631437,109.70167599911161,9319300,DIS
2024-11-21,112.1056137084961,113.6007449001036,111.23589677409007,111.54860390269081,10261000,DIS
2024-11-22,113.0144271850586,113.68869754745644,111.01114212180515,111.25544481461525,10098000,DIS
2024-11-25,113.35643768310547,113.92322166084718,112.31082256476682,113.04373056702828,10397800,DIS
2024-11-26,112.81897735595703,113.76687297004543,112.80921061650088,113.35644624709776,6808100,DIS
2024-11-27,114.91997528076172,115.50630020175791,112.81897081296,112.81897081296,8142400,DIS
2024-11-29,114.7929458618164,115.05678947898095,114.06981200780412,114.58773250279371,5095200,DIS
2024-12-02,114.4900131225586,115.92650663824996,113.8939139786448,115.09587900582909,8390500,DIS
2024-12-03,113.79618835449219,114.55841899877987,112.81897760879272,114.33365724683742,9194000,DIS
2024-12-04,114.3238754272461,114.61704161361436,113.20008165353546,113.32712381354044,7996200,DIS
2024-12-05,113.84504699707031,114.59749595859375,113.41507190161349,113.8939105144726,9823600,DIS
2024-12-06,114.06980895996094,114.58772944111216,113.5714294124928,113.89391073470901,6677900,DIS
2024-12-09,111.99812316894531,114.50955446492489,111.31407863522568,113.73755708799773,8666100,DIS
2024-12-10,112.11539459228516,112.33037469840966,111.128409629945,112.03721594158908,7526400,DIS
2024-12-11,111.99812316894531,112.42809827901266,111.38248308859765,112.02743829817241,6426800,DIS
2024-12-12,112.28150939941406,112.38900317139934,111.55837557876158,112.08606278874727,5285100,DIS
2024-12-13,110.7570571899414,112.34014120836804,110.71797532279346,111.71472695663736,6864500,DIS
2024-12-16,110.04054260253906,110.98282089687669,109.66755978453945,110.9141133385988,10528500,DIS
2024-12-17,110.9337387084961,111.93491452519767,108.75472440742044,108.9804745994282,12238600,DIS
2024-12-18,109.29456329345703,113.97651696216505,109.18659320962105,111.24782732988315,12292800,DIS
2024-12-19,109.31420135498047,110.82577508233209,109.1964137633534,109.59884908499103,9468500,DIS
2024-12-20,109.9620132446289,110.8846639813796,108.39154948206746,108.56822712339074,17955300,DIS
2024-12-23,109.3436508178711,109.7853411994127,108.27376741072199,109.54977349516133,6037200,DIS
2024-12-24,110.48222351074219,110.65890114382475,109.13751748703298,109.19640753520665,2475000,DIS
2024-12-26,110.47241973876953,111.22820285777271,109.79515419224836,110.05035689636043,4781400,DIS
2024-12-27,109.49088287353516,110.05036084858274,108.81361730269147,109.75589560337359,4523800,DIS
2024-12-30,108.75472259521484,109.48106068347026,107.80262683015147,108.39154980680617,5716300,DIS
2024-12-31,109.29456329345703,109.5301309815711,108.62711526999902,108.73508535383502,4757500,DIS
2025-01-02,108.77434539794922,110.1288689343585,108.13634241401266,109.63809856033986,5688100,DIS
2025-01-03,109.10807800292969,109.4810608079038,108.14616473206955,109.31420067056501,5393100,DIS
2025-01-06,109.00011444091797,110.76688347863949,108.82343678828957,109.41235980086341,6274400,DIS
2025-01-07,109.33382415771484,111.64044343546243,109.2356715798757,110.07979722870341,7878800,DIS
2025-01-08,107.73391723632812,109.05899578087494,106.63458887575679,108.95102569686517,7805300,DIS
2025-01-10,106.64441680908203,108.49952845057216,105.63343091318198,107.9694954832089,8835500,DIS
2025-01-13,106.08493041992188,106.6051458406455,104.7500343459403,105.93769780365471,6690200,DIS
2025-01-14,106.12419128417969,106.94868194063348,105.62360339215456,106.67385172181555,5501600,DIS
2025-01-15,106.18309020996094,107.57687642964802,105.99659505079067,107.15481356159489,6296900,DIS
2025-01-16,104.49483489990234,106.59533165765424,104.20037714675411,106.29105639949908,7872800,DIS
2025-01-17,105.04448699951172,105.75119753249773,104.57335163656211,104.85799935060156,7144300,DIS
2025-01-21,106.6934814453125,107.42963704172972,104.82855992523842,105.12301767066813,8643700,DIS
2025-01-22,106.80146026611328,107.52780590574356,106.23217224963459,107.52780590574356,8781700,DIS
2025-01-23,108.99029541015625,109.01974043708846,106.48736328104619,106.49718078621102,7608300,DIS
2025-01-24,110.0896224975586,111.29691351839627,108.58785874531128,109.10808167281672,8304500,DIS
2025-01-27,111.2478256225586,111.9741711733192,109.40253169828826,109.61847186264619,10176900,DIS
2025-01-28,110.06998443603516,110.87484759046805,109.50068897621233,110.76687750365468,6516800,DIS
2025-01-29,111.1006088256836,112.26863731991696,110.67854596969073,111.40488408631953,7607100,DIS
2025-01-30,111.33617401123047,113.05387042307437,111.03189875747226,111.98398704964504,6236200,DIS
2025-01-31,110.9729995727539,111.90546781850595,110.67854182822322,111.2085747546528,7793400,DIS
2025-02-03,111.8956527709961,112.48457576155207,108.81361521480977,109.2945681167649,8870700,DIS
2025-02-04,111.20858001708984,112.54347615677028,110.43316185591061,111.69935043642641,13521100,DIS
2025-02-05,108.49951934814453,116.40091817976415,108.19524410092227,113.56426590822214,23310000,DIS
2025-02-06,110.0208969116211,110.60000983679642,107.13517225553329,109.81477425679778,12470800,DIS
2025-02-07,108.81361389160156,110.47242024305916,108.76453385608451,109.54976949298518,8669300,DIS
2025-02-10,107.26278686523438,109.32402122891595,106.68368133678135,109.08845351298274,8239500,DIS
2025-02-11,107.00757598876953,107.03702850351056,105.70213240061085,106.37939046841228,7456700,DIS
2025-02-12,107.21370697021484,107.50816472282116,105.76102326291237,106.25179367248505,6521200,DIS
2025-02-13,107.56705474853516,107.73392237905507,106.55606890324003,106.90942419712833,6553200,DIS
2025-02-14,108.34247589111328,108.47008099377969,107.56705772410632,107.83207794613473,5964500,DIS
2025-02-18,107.53760528564453,107.89096056495507,106.70329712171318,107.75354545506339,8362900,DIS
2025-02-19,109.29456329345703,109.69699860385694,107.12535908935895,107.12535908935895,8452100,DIS
2025-02-20,108.50934600830078,109.46143436035501,107.36093750084613,109.18660411534451,5970100,DIS
2025-02-21,106.65422821044922,109.69700322948088,105.92788261791333,108.95103011567527,9082100,DIS
2025-02-24,109.14733123779297,109.50068651605021,106.64440675345969,106.83089440857859,7093300,DIS
2025-02-25,108.48970794677734,109.83442159469614,107.05665921768725,109.373096201302,7289000,DIS
2025-02-26,109.76570892333984,111.15949505525461,108.02837752225904,108.02837752225904,7831600,DIS
2025-02-27,109.25531005859375,111.0319040964943,109.00992484510229,110.24666841789669,7854700,DIS
2025-02-28,111.69934844970703,111.88583611351562,108.95103115487979,109.40253903401128,14609400,DIS
2025-03-03,110.7079849243164,113.41703956044257,109.93256681334486,111.96435591829902,7884700,DIS
2025-03-04,106.99777221679688,110.17796253527133,106.27142658203763,109.63811206194522,12658000,DIS
2025-03-05,107.29222106933594,108.89213734540273,106.2223452056297,107.32166609478665,9956100,DIS
2025-03-06,103.48384857177734,106.82108884522341,103.0814132425467,106.37939098470963,11618800,DIS
2025-03-07,103.5623779296875,103.8175731607692,101.40298355092442,103.06178999576771,12715900,DIS
2025-03-10,101.1772232055664,102.86547450872557,100.22512747144327,102.50230173211892,10947100,DIS
2025-03-11,96.09284973144531,99.17488736988761,95.65115186031834,97.94796131991656,16906000,DIS
2025-03-12,96.93697357177734,97.65349417746093,94.60090162528576,96.85844850884807,11891800,DIS
2025-03-13,95.08185577392578,96.82899712225037,94.15920506651594,95.96523646388825,11059500,DIS
2025-03-14,96.81918334960938,97.270691216355,95.62170238240654,95.64133739188703,10199800,DIS
2025-03-17,97.5259017944336,98.27187495512467,96.8388261783777,96.91734375695368,8332100,DIS
2025-03-18,97.51607513427734,97.88906542388855,96.66213944713982,97.43755007451057,6727000,DIS
2025-03-19,98.43873596191406,99.09636655564917,97.63387273815519,97.82036790208946,8614600,DIS
2025-03-20,97.03511810302734,98.2031539793356,96.81917794217424,97.73201112942321,7836500,DIS
2025-03-21,97.62405395507812,98.04611682838991,95.9456199673208,96.56398801905374,15089900,DIS
2025-03-24,98.33075714111328,98.58595984460666,97.0351235912759,98.3700196715401,8224400,DIS
2025-03-25,99.73436737060547,99.88159999729865,98.55652133418492,98.79208904375653,7365200,DIS
2025-03-26,98.91968536376953,100.38217912902098,98.40928741829038,99.82270114576625,6314000,DIS
2025-03-27,98.59577178955078,99.16506725903352,97.74183607388879,98.8509744980365,6598800,DIS
2025-03-28,96.25970458984375,98.53687891397188,95.93579433318747,98.20315864121952,7679700,DIS
2025-03-31,96.8780746459961,97.0253072647441,93.93345222528421,95.04259812976541,10554000,DIS
2025-04-01,95.87691497802734,96.77011329893604,95.05241673170273,96.50510055210194,8762700,DIS
2025-04-02,96.07321166992188,96.49527451725038,94.66960801378868,94.83647564259265,7959900,DIS
2025-04-03,87.20008087158203,93.03043560615448,86.97433068170983,92.76542288574755,19353400,DIS
2025-04-04,81.98810577392578,85.92408666825831,81.54641538808121,84.4125128648418,22580900,DIS
2025-04-07,81.76234436035156,85.0308692422167,78.62140958668935,79.49498022187557,20456000,DIS
2025-04-08,80.21151733398438,85.34497164981575,79.35757412123759,84.36343082583369,14845600,DIS
2025-04-09,89.75209045410156,90.5471360818955,79.69129755611317,79.78945013545436,24970900,DIS
2025-04-10,83.65672302246094,87.36694593047346,81.53659136727562,87.27860336722651,16377000,DIS
2025-04-11,83.322998046875,84.08859867393595,81.81142431381737,83.53893822139209,10204400,DIS
2025-04-14,83.09724426269531,84.85419563160879,82.47886879176214,84.24564515362592,10841300,DIS
2025-04-15,83.44078826904297,84.39288407475414,82.95982786934495,83.18558555579119,7840500,DIS
2025-04-16,81.24212646484375,83.23466052390083,80.49616086932473,82.72425512848066,10144300,DIS
2025-04-17,83.24446868896484,84.19656441552459,81.82123759555928,81.83105509986571,14810900,DIS
2025-04-21,82.44942474365234,83.65672318665159,81.44825645244661,83.34263043955157,14166800,DIS
2025-04-22,84.50084686279297,84.9621722532609,83.03835311592236,83.44078845264964,9578500,DIS
2025-04-23,85.67869567871094,88.21107269114067,85.42349297883398,87.38657454098505,12089100,DIS
2025-04-24,88.34849548339844,88.57424568908037,85.1682976844277,85.83574577313684,10310000,DIS
2025-04-25,88.61351013183594,88.6724001887502,87.42584655650127,88.40738744407334,7749600,DIS
2025-04-28,88.4957275390625,89.6833910811283,87.98532209822741,88.78036779854989,8491800,DIS
2025-04-29,89.48706817626953,89.96802853443761,88.10309961597618,88.17180716877711,6359900,DIS
2025-04-30,89.27113342285156,89.50670860835332,86.92525149263822,88.23070256351937,8474800,DIS
2025-05-01,89.13372039794922,89.91895605756783,88.69203001976516,89.58522828123314,7790600,DIS
2025-05-02,90.78270721435547,91.46979027293553,90.144704191589,90.144704191589,7594000,DIS
2025-05-05,90.40972900390625,91.36182483406708,87.95587685959995,88.044211942285,10231000,DIS
2025-05-06,90.46861267089844,91.02809062075215,89.32021174570848,89.51651690796658,11839400,DIS
2025-05-07,100.20549774169922,101.4029787285867,98.29149615679681,100.5294080063941,36155300,DIS
2025-05-08,103.17957305908203,104.22982143047395,101.94282953669834,102.05079962531862,19265400,DIS
2025-05-09,103.98443603515625,104.22982123819291,102.82621757728072,103.31698798335404,10438200,DIS
2025-05-12,108.45044708251953,108.89214496085648,106.65423300734902,107.84189654448018,18366600,DIS
2025-05-13,109.32401275634766,110.12887592125865,108.11672175326221,108.2148743365807,14076700,DIS
2025-05-14,110.855224609375,111.31655000127726,108.78417284268328,109.32401581029647,15352200,DIS
2025-05-15,110.14850616455078,110.76687415240424,109.52032067222167,110.15832366902642,8322400,DIS
2025-05-16,111.32635498046875,111.34598998992973,109.36327339383988,109.85404379049709,10961000,DIS
2025-05-19,110.58039093017578,110.9042937052344,109.83441781992991,110.05035799567705,7209700,DIS
2025-05-20,110.28592681884766,111.30673016735544,109.74607637396686,110.36445188147798,6433300,DIS
2025-05-21,108.42098999023438,110.41351650801951,108.09707974654356,109.6282884037358,10150600,DIS
2025-05-22,109.07862854003906,109.73626658019961,107.94986258882716,107.94986258882716,7903700,DIS
2025-05-23,107.69466400146484,108.3130320453388,106.772013199774,107.57687640277162,8086100,DIS
2025-05-27,110.28592681884766,110.8061422537898,108.11672251147942,108.98047573472655,10201100,DIS
2025-05-28,109.46142578125,110.39389402638149,109.11788800191185,110.1288738190621,5787900,DIS
2025-05-29,109.95219421386719,110.18776939140317,108.47988305279549,109.94238419789122,9682100,DIS
2025-05-30,110.95337677001953,111.25765203220872,109.3142053745531,109.94239090920564,12881100,DIS
2025-06-02,110.86503601074219,111.50303906094699,110.1779604111754,110.60002327621282,7546800,DIS
2025-06-03,111.50303649902344,112.5729198949811,110.44297060813757,110.64910077183389,9738800,DIS
2025-06-04,111.39505767822266,111.94472559072838,110.89447728722854,111.75823045179237,5614900,DIS
2025-06-05,110.45278930664062,112.2293758271558,109.77552373205205,111.63064280542781,8547200,DIS
2025-06-06,111.79750061035156,112.11159337240737,111.12023504994038,111.267467670277,5790700,DIS
2025-06-09,113.52501678466797,113.9667071658259,111.87602787921621,111.87602787921621,7960400,DIS
2025-06-10,116.53834533691406,118.27566930055232,113.39741020674964,113.39741020674964,18948400,DIS
2025-06-11,117.31375885009766,117.34321136592807,115.47828225714109,116.19480288253794,10439200,DIS
2025-06-12,116.4205551147461,117.18615574207331,115.48809434834747,116.6757578200425,7980300,DIS
2025-06-13,115.76292419433594,116.13590700195742,115.1347386822566,115.1445486984789,13204900,DIS
2025-06-16,117.27449798583984,118.11861618369248,115.69421670000979,115.84144182904326,9592100,DIS
2025-06-17,115.94940948486328,117.12726291236841,115.4782741047107,116.79353515357865,9241200,DIS
2025-06-18,115.68439483642578,116.55796551573245,114.68321906534872,115.70402235670338,8181200,DIS
2025-06-20,115.45864868164062,116.8524423943379,114.74212804733803,116.06720671080598,17180400,DIS
2025-06-23,115.57643127441406,115.81199897384477,112.89682154735202,114.50655537772124,8348000,DIS
2025-06-24,116.95645141601562,117.38031411432493,116.06929605670585,116.06929605670585,8350200,DIS
2025-06-25,117.71546173095703,118.01118270147997,116.93673686104356,117.07473797515513,6976300,DIS
2025-06-26,119.7263412475586,119.93334291262333,117.97174925944141,118.26747022124617,10439600,DIS
2025-06-27,120.59378051757812,121.18522245416874,119.74606261749128,120.11077662182598,13435600,DIS
2025-06-30,122.23994445800781,122.91023877382277,121.42178966419762,122.53565789350199,13456200,DIS
2025-07-01,121.72736358642578,121.9935139533567,120.70220712222152,121.73722295718154,9815700,DIS
2025-07-02,121.22464752197266,121.93436428032354,120.781066087445,121.55979092004144,7317100,DIS
2025-07-03,122.2300796508789,122.46665189285142,121.14578206130095,121.31335375267747,4252300,DIS
2025-07-07,121.4020767211914,122.83137710704507,120.83035355865147,121.45135853282652,7023500,DIS
2025-07-08,120.08120727539062,121.94422984169572,120.08120727539062,121.46122594093058,6622900,DIS
2025-07-09,118.88847351074219,120.60363551131145,118.88847351074219,120.10091289165454,6724900,DIS
2025-07-10,119.82491302490234,120.20934576497264,118.89833521266709,118.89833521266709,6888700,DIS
2025-07-11,118.1590347290039,119.49962333055525,118.02103362477034,118.91804080228853,6112400,DIS
2025-07-14,118.25760650634766,118.78004033524819,117.89288500291889,118.07031606938475,6853300,DIS
2025-07-15,117.28173828125,118.51389636424958,117.18315961821314,118.51389636424958,7943600,DIS
2025-07-16,118.10974884033203,118.84904371477589,117.18316352447022,117.65631555313269,6747500,DIS
2025-07-17,120.46562957763672,120.64306064096714,118.04074339245172,118.04074339245172,9933700,DIS
2025-07-18,119.6869125366211,120.41635557790421,118.5730442737648,120.22906513210226,9486800,DIS
2025-07-21,119.11518859863281,120.22906437497113,119.05604741422422,119.34190900635987,6392500,DIS
2025-07-22,119.33204650878906,119.6967680175776,118.83918326364058,119.02647370335582,5614500,DIS
2025-07-23,121.18521881103516,121.42179106626146,119.7657702386845,119.78548145974652,8258900,DIS
2025-07-24,120.20934295654297,121.6386508853957,120.07134184899806,121.09649830540047,6702200,DIS
2025-07-25,119.73619842529297,120.7022061779014,119.1447640330128,120.51492325798543,5656600,DIS
2025-07-28,118.65190124511719,119.66719833455083,118.17874921716457,119.30247682299367,6042200,DIS
2025-07-29,118.1984634399414,119.0856112376309,117.65631087869022,118.85889836328663,6283700,DIS
2025-07-30,117.83374786376953,118.78004441055589,117.4788857186626,118.23789182206016,5281500,DIS
2025-07-31,117.40988159179688,118.19846578370895,116.88744776086601,117.75488435557233,7235000,DIS
2025-08-01,114.92584991455078,116.20729738266621,113.9204121857883,115.91157642217914,8637800,DIS
2025-08-04,117.64645385742188,117.81402555406507,116.04958177329885,116.04958177329885,8845000,DIS
2025-08-05,116.63116455078125,117.86332273252991,115.65529737657539,117.54789053882213,15365700,DIS
2025-08-06,113.52611541748047,114.46256007357668,110.59850660674665,114.12740916408553,22153700,DIS
2025-08-07,111.26880645751953,114.73856800652807,110.2239387567539,114.09784426680524,15484400,DIS
2025-08-08,110.82523345947266,112.65868539683322,110.42108197455606,111.68281824323698,9491000,DIS
2025-08-11,110.94351959228516,111.53495398290336,109.94793373043844,111.29838173075534,8532600,DIS
2025-08-12,112.0968246459961,112.76711900187266,110.88437767856615,111.69267315002052,7274000,DIS
2025-08-13,114.97514343261719,115.55672600394259,112.52068644503237,112.59954637343186,9025700,DIS
2025-08-14,114.64984130859375,115.04413339377851,112.98396871744457,113.83169406841819,6800900,DIS
2025-08-15,113.74298095703125,115.1722813829264,113.54583866397552,114.9061385352515,6768600,DIS
2025-08-18,114.88642883300781,115.33986212942779,113.51626957281583,113.5458401651155,5798400,DIS
2025-08-19,114.61041259765625,115.32013685462793,114.06826755505004,114.83713299327069,5914000,DIS
2025-08-20,115.36943054199219,116.20729656347052,114.3442740788259,114.4231340037994,7046700,DIS
2025-08-21,114.55126953125,114.99485094480538,113.88097524630726,114.90613165389593,6337100,DIS
2025-08-22,117.1634521484375,118.07031872163594,115.4581419979589,115.91157528455813,7161700,DIS
2025-08-25,116.02986145019531,117.35073882574632,116.02000207979303,116.79872689065964,5424900,DIS
2025-08-26,115.9707260131836,116.69030215777553,115.48772212649209,115.753864976568,5787400,DIS
2025-08-27,116.40443420410156,116.76915570215809,115.61585754736583,115.85242979233693,4378000,DIS
2025-08-28,115.96086883544922,116.68045251414705,114.94557170890717,116.41430213854098,5687700,DIS
2025-08-29,116.69029998779297,116.95645035341602,115.57643175374959,115.7144328616666,5212600,DIS
2025-09-02,116.58187103271484,116.59173040355418,114.34427516395587,115.34971289517222,6015900,DIS
2025-09-03,115.70457458496094,116.92688086734914,114.68927748690189,116.14815602502803,6288700,DIS
2025-09-04,117.1141586303711,117.97174336032462,115.09342389407261,115.4088560613263,6949300,DIS
2025-09-05,116.22701263427734,118.07031633507464,116.02000345585452,117.21273911230668,6669100,DIS
2025-09-08,117.14373779296875,117.18316775682275,115.07371357386128,116.2763011496704,6450700,DIS
2025-09-09,115.6947250366211,117.35074590072908,115.54686455365677,116.8381638958523,5444300,DIS
2025-09-10,114.13726806640625,115.83271878624136,112.86568002652992,115.18213571074813,7484900,DIS
2025-09-11,115.40885925292969,115.49757102719055,112.9938248401568,113.80212026112862,8399100,DIS
2025-09-12,114.30484771728516,115.33986358380332,113.45712229835515,114.60056868500367,7640900,DIS
2025-09-15,113.9697036743164,115.08357194161883,113.35855052065239,114.45270756644797,7150900,DIS
2025-09-16,113.58527374267578,114.196419390973,113.0726917248494,113.80212726660581,6844900,DIS
2025-09-17,114.44284057617188,114.99485250806744,113.5754039981875,113.59511521838203,7333900,DIS
2025-09-18,113.22054290771484,114.1274094548904,112.42210687384247,113.68383555173823,9460500,DIS
2025-09-19,112.13624572753906,112.96425235541462,110.33236447617224,112.96425235541462,23398400,DIS
2025-09-22,110.953369140625,112.00809616350351,109.92821270858948,110.16479247632579,15479800,DIS
2025-09-23,110.6478042602539,111.99825232920553,110.00708050431346,111.11109693794157,13145000,DIS
2025-09-24,111.81095886230469,112.52068315616218,110.59851194021539,110.80552112633755,8755200,DIS
2025-09-25,111.37723541259766,112.42211061919328,111.04209201158332,111.10123319517494,6365500,DIS
2025-09-26,111.85038757324219,111.94895871950861,111.15052265810526,111.51523665134067,6145700,DIS
2025-09-29,113.14168548583984,113.36840588789269,111.7123850814297,111.85038618859359,9304100,DIS
2025-09-30,112.86568450927734,113.24025787275913,111.72223815681234,112.89525510106586,9303700,DIS
2025-10-01,111.33780670166016,114.40341676056116,111.18009437014412,112.45168247513328,9736300,DIS
2025-10-02,110.53936767578125,111.55466475434368,109.19877905151543,111.36738183570839,8695100,DIS
2025-10-03,110.86466217041016,111.94895983110008,109.96764743333713,110.44079946880906,7148400,DIS
2025-10-06,111.14066314697266,111.49552528948075,109.85921568563828,111.08152196338676,6141200,DIS
2025-10-07,110.9238052368164,111.7813900254436,110.20422908126997,111.02237638573415,5409800,DIS
2025-10-08,110.29293823242188,111.58423754963299,110.05636597655416,111.1998048136618,7074400,DIS
2025-10-09,109.40577697753906,111.3870892549816,109.29734646600515,110.22393173893275,6502400,DIS
2025-10-10,107.63147735595703,111.07166068453807,107.55261743219965,109.93807372213854,9635200,DIS
2025-10-13,108.69606018066406,109.37621388683192,107.81876417846033,108.8143500705835,7435100,DIS
2025-10-14,109.58321380615234,110.24364875988587,107.64133138713296,108.08491282688409,7898000,DIS
2025-10-15,110.1155014038086,111.07165726859614,109.55363762518547,109.87892916030833,7012600,DIS
2025-10-16,108.3116226196289,110.49007723202818,106.96118215882947,110.1943638011324,7531200,DIS
2025-10-17,109.09034729003906,109.86907210851032,107.87790793608096,108.1736213665725,10090500,DIS
2025-10-20,110.3619384765625,110.64780006515922,109.0213498295899,109.44521252709589,8047500,DIS
2025-10-21,112.66854095458984,112.90511320674356,110.44079697869476,110.6477986393913,8163200,DIS
2025-10-22,111.46595001220703,112.64881875718109,111.36737887020854,112.37281655138689,7569200,DIS
2025-10-23,111.41666412353516,112.20524832488108,110.3027958955931,111.55466523069624,6945400,DIS
2025-10-24,110.0859375,112.02781993789965,109.99721820298862,111.61381660650383,6235200,DIS
2025-10-27,110.73651123046875,110.992802225815,109.72121414030401,110.34222664747004,6029600,DIS
2025-10-28,110.05636596679688,110.87452077220003,109.86907552398264,110.31265696425376,6839400,DIS
2025-10-29,108.66648864746094,109.93807675122338,108.43977576103224,109.59307397589942,7097100,DIS
2025-10-30,110.24365234375,111.95882193375118,107.98634519092047,108.55806086709089,8311300,DIS
2025-10-31,111.01252746582031,111.48567200131468,108.95235505271887,109.98737094492012,8700600,DIS
2025-11-03,110.51966094970703,111.19980713961529,109.4452151242777,110.94352365727146,8542300,DIS
2025-11-04,109.87893676757812,110.19436895424884,109.06078194823024,109.38607350587408,7950100,DIS
2025-11-05,109.77050018310547,110.37179393080024,109.02134596097005,109.76064081267712,5746000,DIS
2025-11-06,108.91291809082031,110.11550561539397,107.6216187917271,109.58321240678778,10291800,DIS
2025-11-07,109.15935516357422,109.83950888416446,108.46934959232085,108.68621063485668,8782100,DIS
2025-11-10,110.637939453125,111.18009203239778,109.44521129922117,109.56350118574332,9158700,DIS
2025-11-11,113.21068572998047,113.32897561601033,110.81537006147396,111.04209046290711,9713300,DIS
2025-11-12,114.98500061035156,115.4187151672819,112.75725655879059,112.93468763405644,15248700,DIS
2025-11-13,106.07402801513672,107.79904936978424,103.4125695047362,107.33575671697092,44045400,DIS
2025-11-14,104.28986358642578,107.178042445792,103.79700035117897,105.98530679845808,16691400,DIS
2025-11-17,104.18143463134766,106.13316886064071,103.61957083558194,104.24057581390313,12296400,DIS
2025-11-18,104.76300811767578,105.55159230254684,103.501279438279,103.59985058126385,11796200,DIS
2025-11-19,103.17598724365234,106.0543067153343,102.59441223938273,104.56586516856152,12790000,DIS
2025-11-20,101.2341079711914,104.2898661203646,101.03696568050115,103.86600342693386,12609900,DIS
2025-11-21,102.79155731201172,103.28442055767384,101.22425580064441,102.00298063125011,10785400,DIS
2025-11-24,100.4849624633789,102.85070006221002,100.43567312986309,102.60426843562375,15024800,DIS
2025-11-25,101.83539581298828,102.43668954127516,100.54409658691114,101.02710043536432,10574500,DIS
2025-11-26,101.95369720458984,102.76199267347984,101.41154459475649,101.84526668262318,10130200,DIS
2025-11-28,102.97885131835938,103.2449941712158,101.76640438302186,101.8255530884873,6525500,DIS
2025-12-01,105.24601745605469,105.30516616131858,102.97885096751278,103.42242489426108,12628900,DIS
2025-12-02,103.3337173461914,105.04887945910929,103.32385797482782,105.00944949415181,8548200,DIS
2025-12-03,104.23072052001953,104.33915103927637,102.97885114382227,103.40271384987265,10177800,DIS
2025-12-04,103.9645767211914,104.70387160730532,103.01828016942518,104.32929071855652,11471400,DIS
2025-12-05,103.79700469970703,104.65458195184677,103.06756166622483,103.67871481091348,10680100,DIS
2025-12-08,106.09374237060547,106.5077532235307,103.33371263391743,103.79700530041951,13727700,DIS
2025-12-09,105.49244689941406,106.21203055464959,105.0291617608474,106.05431070454455,8549400,DIS
2025-12-10,107.27661895751953,108.10462562433456,105.05873428791234,105.59102751107764,11237900,DIS
2025-12-11,109.86907196044922,109.96764310381356,107.55261624915427,107.64132802203332,13281400,DIS
2025-12-12,110.00707244873047,111.72223439924535,109.5634985458288,110.13522170283247,13059100,DIS
2025-12-15,109.64981079101562,110.7017554968497,107.72456807053958,109.85821300229183,14318000,DIS
2025-12-16,110.77122497558594,111.99186760326596,110.01700202680637,110.3742651303662,15580200,DIS
2025-12-17,109.78874969482422,111.27734346351971,109.6200442181698,110.21548021137211,12142500,DIS
2025-12-18,111.01932525634766,111.9422536896534,109.58034674668848,109.6895108947102,12913900,DIS
2025-12-19,110.39411163330078,112.61708377659764,110.07654526588401,111.46590096259969,21138400,DIS
2025-12-22,111.52543640136719,111.94224838833786,110.30479381693752,110.56281884289479,8803300,DIS
2025-12-23,112.35905456542969,112.44836655386564,111.18802720942375,111.43612616136247,7634500,DIS
2025-12-24,113.6094741821289,113.6590894291559,111.9422489401646,112.0811837460467,4606700,DIS
2025-12-26,112.69646453857422,113.86749188452968,112.40866884822985,113.2819819972415,5428900,DIS
2025-12-29,113.3216781616211,113.61939235705125,112.44836501704958,112.45829109497764,7966000,DIS
2025-12-30,113.9171142578125,114.40338607755221,113.23235873617357,113.23235873617357,6883900,DIS
2025-12-31,112.90486907958984,114.01635512338707,112.68654835920721,113.89726489932262,6608000,DIS
2026-01-02,110.99947357177734,112.57738689992571,110.7712267677642,112.57738689992571,8906200,DIS
2026-01-05,113.20259094238281,115.1476858420111,110.53304376237752,110.5727405037633,12029000,DIS
2026-01-06,113.69879150390625,113.8873491370408,112.24989448074557,112.92472395728144,7388300,DIS
2026-01-07,112.0514144897461,114.09574743456305,111.65445465165313,113.58962345171003,8296300,DIS
2026-01-08,113.30182647705078,114.11559072881793,111.69415012945518,111.69415012945518,9778200,DIS
2026-01-09,114.99882507324219,115.09807071249863,113.03388558658445,113.44076393629469,8935200,DIS
2026-01-12,111.96209716796875,114.06597905195413,111.69415362544264,113.75833119630794,10833800,DIS
2026-01-13,112.12088012695312,112.35905299750453,110.76129516360488,111.9819377501375,8945700,DIS
2026-01-14,112.66669464111328,112.72623596663055,111.4063552989297,111.9521684493894,8950900,DIS
2026-01-15,112.54761505126953,113.24228910579605,111.31703876699491,112.8453292583326,7958500,DIS
2026-01-16,110.35440826416016,112.98425860870292,110.27502235560766,112.33919983417296,12049600,DIS
2026-01-20,109.5009536743164,110.24525055651173,107.97267073902252,108.8261317696502,9818200,DIS
2026-01-21,112.32928466796875,112.3888259939984,109.65973750407791,109.7292049082389,10041400,DIS
2026-01-22,112.34912872314453,113.4209180149001,111.31703617234797,112.30943198218553,12437700,DIS
2026-01-23,110.13609313964844,112.09110657534877,109.7093626275885,111.83308910954834,10819800,DIS
2026-01-26,110.46357727050781,111.55521873918869,110.28494571848542,110.83076645282586,8859800,DIS
2026-01-27,109.76890563964844,110.94985912469389,109.19331422917422,110.65213734096461,8956900,DIS
2026-01-28,108.72688293457031,110.58266583202987,108.17114370169651,109.44140913191045,9016600,DIS
2026-01-29,110.73152923583984,110.82084122684826,107.93297328021896,108.79635281215113,11079000,DIS
2026-01-30,111.94225311279297,112.09110643080152,110.14601150456994,110.51320068887615,17895200,DIS
2026-02-02,103.6557388305664,107.78410901469849,102.96106479543799,103.21908982479103,37778500,DIS
2026-02-03,103.427490234375,104.19163165971047,101.56178130729583,103.98322945280078,24827100,DIS
2026-02-04,106.23597717285156,107.77418617438326,102.84197766266205,103.40764298579708,19070400,DIS
2026-02-05,104.17179107666016,107.50624165805122,104.01300411022284,106.23597621206973,11859500,DIS
2026-02-06,107.87342071533203,108.1314457439972,104.56874844688343,105.32296380547531,12105600,DIS
2026-02-09,106.31536102294922,108.09175044183,105.95809792354419,107.86350364416408,10515400,DIS
2026-02-10,109.12384033203125,110.26509700660796,106.78178565822519,106.78178565822519,9815500,DIS
2026-02-11,107.29783630371094,109.03452894856412,106.98026995150724,108.10167447648739,9374900,DIS
2026-02-12,101.60147857666016,107.33753262100633,100.25181969227036,107.10927825717582,25319600,DIS
2026-02-13,104.64813232421875,104.71759972619711,100.43045024504119,100.62893394453575,12845300,DIS
2026-02-17,104.63821411132812,106.46421872352691,103.57635092303495,105.75961862394723,10467400,DIS
2026-02-18,106.28559112548828,106.9108053396402,105.00539960529535,105.15426049301625,8791600,DIS
2026-02-19,105.19395446777344,106.9504916968191,104.64813375094563,106.29551440800479,7492900,DIS
2026-02-20,104.77715301513672,105.39243358092172,103.85422459507994,104.80692367846447,9043600,DIS
2026-02-23,103.61605072021484,104.39011824480646,102.17707224505678,104.18171603213789,10626500,DIS
2026-02-24,105.24357604980469,106.41460337920466,103.18931707728036,103.65573673636953,13594800,DIS
2026-02-25,104.25118255615234,105.90848173674713,103.71528791179529,105.19395554427105,8556500,DIS
2026-02-26,104.74738311767578,105.95809967300593,104.51912874486197,104.66798963396843,9578500,DIS
2026-02-27,105.23365020751953,105.5313644009208,103.13969449033436,103.98322939537309,13954000,DIS
2026-03-02,103.53665924072266,103.81452886298935,102.07783615244315,103.81452886298935,14178600,DIS
2026-03-03,102.51448822021484,103.51680251754973,101.37323154649653,102.0579794936243,13608400,DIS
2026-03-04,102.2564697265625,103.05038186710433,101.85950987060183,102.38547846191342,9672300,DIS
2026-03-05,101.63125610351562,103.75498248036759,100.81748429027168,102.31600404748632,11751500,DIS
2026-03-06,100.76787567138672,101.03581921988877,99.18996233036073,100.61901477938359,10448600,DIS
2026-03-09,100.886962890625,101.09536510466263,97.70136563944882,99.78540292258373,11715100,DIS
2026-03-10,100.54954528808594,101.4625476354206,99.47775597353863,100.97627579824574,7833100,DIS
2026-03-11,100.12281036376953,101.11520615095836,99.63653854803313,100.62893433522194,8152800,DIS
2026-03-12,98.67391967773438,100.11289063181937,98.61437834957015,99.3388230801665,10309400,DIS
2026-03-13,98.53498077392578,100.00372233112067,98.4059720444657,99.07087541929553,9551500,DIS
2026-03-16,97.90977478027344,98.93194125870065,97.71129107436866,98.71361296789499,11578500,DIS
2026-03-17,99.53730010986328,99.94417844396594,98.26702714707265,98.41588802886785,11785600,DIS
2026-03-18,98.66399383544922,100.25182568512552,98.24718939454284,99.0807982763556,12615100,DIS
2026-03-19,98.44566345214844,100.01365068298418,97.69144807163296,98.2769579779315,14793800,DIS
2026-03-20,98.75331115722656,99.269353657388,97.64182510199821,98.257113242257,27544200,DIS
2026-03-23,97.20516967773438,99.83502017283372,97.11585768623267,99.45791247863863,11373000,DIS
2026-03-24,95.65703582763672,97.30441658068045,95.5181010136908,96.99676871718921,9155700,DIS
2026-03-25,95.22037506103516,96.4410252402814,94.33714339473161,96.08376214252051,8467500,DIS
2026-03-26,94.02950286865234,95.66695746718439,93.87071590500793,94.3966920435457,8548800,DIS
2026-03-27,91.71721649169922,93.47376126842354,91.48896970147202,93.47376126842354,12475900,DIS
2026-03-30,93.60277557373047,94.46616268251262,92.18364921591858,92.18364921591858,10592600,DIS
2026-03-31,95.64710998535156,96.15323399247868,93.47376820675542,94.61501738536155,11180200,DIS
2026-04-01,95.82573699951172,97.61205248622655,95.75626959566054,96.52041860940267,8518600,DIS
2026-04-02,95.87535858154297,96.431097805182,94.36691272969546,95.26999653948798,6379100,DIS
2026-04-06,95.54786682128906,96.4211799747073,95.389087429727,95.76619510964362,5882200,DIS
2026-04-07,95.05167388916016,96.05399582384246,94.60509878245135,95.07152604625539,7913000,DIS
2026-04-08,98.42581939697266,98.43574547532691,96.94715172012246,97.3540300760944,10821000,DIS
2026-04-09,99.03118133544922,99.46783792592092,96.93722551678441,97.9097767670043,8918300,DIS
2026-04-10,98.4158935546875,99.39837088687223,98.06855652524918,99.08079694980933,6359600,DIS
2026-04-13,100.41060638427734,100.4999183711592,97.78075602521236,97.78075602521236,6790300,DIS
2026-04-14,101.80988311767578,102.31600710376478,100.13273933736312,100.56938834781593,9997400,DIS
2026-04-15,102.2564697265625,102.59388068273239,101.01597490879759,101.8198131278678,7035300,DIS
2026-04-16,103.10992431640625,103.73513093975063,101.9984383035261,102.83205470603097,8145900,DIS
2026-04-17,105.48175048828125,105.52144722884589,103.89391872259145,103.89391872259145,10506200,DIS
2026-04-20,105.4916763305664,106.29551450391168,105.10464257514987,105.10464257514987,6423400,DIS
2026-04-21,103.49696350097656,106.06726510321214,103.1793971336853,105.3825171192469,7784500,DIS
2026-04-22,104.0229263305664,105.47182327436494,103.43741644914698,104.2313285377519,6886600,DIS
2026-04-23,102.86183166503906,104.40004069417164,101.7701977411496,104.14202322381671,6147000,DIS
2026-04-24,101.81980895996094,102.85190151465905,101.19460232309635,102.81220477355,5974500,DIS
2026-04-27,101.57170867919922,103.02060563953918,101.28391298845388,101.83965978533895,6524300,DIS
2026-04-28,100.69840240478516,102.50456244658284,99.84494141643668,101.87935582220716,6409300,DIS
2026-04-29,100.52970123291016,100.70833278627653,99.83501960476121,100.17243812617741,5533700,DIS
2026-04-30,102.96106719970703,103.32825638192301,99.65638727390106,100.14266668122531,9203500,DIS
2026-05-01,102.2961654663086,104.03285819415163,102.18700131770525,103.60612767816932,5956900,DIS
2026-05-04,100.53961944580078,102.26639364708471,100.49992270390443,101.95874579023288,8400100,DIS
2026-05-05,99.71593475341797,100.95642952130724,99.29912275715898,100.75794581561743,14314700,DIS
2026-05-06,107.23828887939453,108.31007817206148,104.50920040002059,105.70999842237963,23219500,DIS
2026-05-07,107.83373260498047,109.63989268061516,106.27566391105587,108.22076636608939,14309200,DIS
2026-05-08,107.19859313964844,108.37954658823092,106.72224738604457,108.20091503778465,8370000,DIS
2026-05-11,103.92369079589844,107.56578161412871,103.58627228220827,107.17874785259357,10562300,DIS
2026-05-12,105.35274505615234,105.4619016318964,103.42749472111741,104.19163617960176,8178500,DIS
2026-05-13,104.10232543945312,105.07486912556905,103.07023285422235,104.54890054022766,7605900,DIS
2026-05-14,104.61836242675781,105.48174949026665,104.05269712897726,104.73745264732493,6144600,DIS
2026-05-15,101.93889617919922,104.61836176837545,101.52209176690585,104.23132801819175,9258600,DIS
2026-05-18,103.1198501586914,103.90383616986786,101.77019127877047,101.90912608364066,9037200,DIS
2026-05-19,101.51216888427734,103.13969741611875,101.19460252614681,102.9213691252704,7032600,DIS
2026-05-20,103.28855895996094,104.06262648961834,100.8274139902545,102.12745766547482,7941400,DIS
2026-05-21,102.7923583984375,103.82445093516053,101.80988110870229,102.82212906090601,8611200,DIS
2026-05-22,102.21676635742188,103.7053600422387,102.19692177303108,103.24885888746034,5693300,DIS
2026-05-26,102.49463653564453,103.0106865892155,101.571708143084,102.31600498962058,6714400,DIS
2026-05-27,103.3877944946289,104.4496576951832,102.47479217798725,102.51448891845591,7360100,DIS
2026-05-28,102.94122314453125,103.61605261419375,102.31600892371814,103.02060905696617,6511100,DIS
2026-05-29,101.05567169189453,102.97099599414373,101.05567169189453,102.84197968736177,13340300,DIS
2026-06-01,102.06790924072266,102.2266962072239,99.53730442598828,100.88696335573167,8219000,DIS
2026-06-02,100.63886260986328,101.71064432917443,99.32889287365569,101.5717095216456,8397400,DIS
2026-06-03,98.63421630859375,100.49991765573053,98.495281504625,99.67623490973834,7471600,DIS
2026-06-04,98.5845947265625,100.69840261742887,98.25710986817649,99.77547422442305,9568000,DIS
2026-06-05,98.95178985595703,99.43806170522778,98.33650169977196,98.92201919170897,9501600,DIS
2026-06-08,98.11817932128906,99.08079692509821,97.66167814394407,98.76323055949389,7559200,DIS
2026-06-09,98.57467651367188,99.32889186938023,97.7609122614967,98.29680690142362,8616300,DIS
2026-06-10,97.86015319824219,99.00140991464168,97.20516831754395,98.7334588011272,7041400,DIS
2026-06-11,99.57699584960938,99.97395570346617,97.35403126794252,98.07848356908464,9264400,DIS
2026-06-12,99.27928161621094,100.99612219455338,98.78308369184245,100.29152205051567,8257200,DIS
2026-06-15,100.91673278808594,101.62133290773681,99.82509133515438,100.11288702989278,10265100,DIS
2026-06-16,100.50984954833984,101.15490835915841,99.28920690408536,100.65871043874095,10694600,DIS
2026-06-17,100.0930404663086,101.58163415846502,99.67623604963576,99.90448284246082,11168700,DIS
2026-06-18,103.0999984741211,103.42749090340284,100.03349910369847,101.02589489809478,22943600,DIS
2026-06-22,101.67095184326172,103.51680873068582,100.73810489243905,102.62365852244403,17396300,DIS
2026-06-23,102.74273681640625,103.24886079859846,101.02589630811102,101.24421702596689,14457400,DIS
2026-06-24,100.35106658935547,103.73513234938109,100.27167310777538,102.31600604449831,12215500,DIS
2026-06-25,97.30441284179688,100.80756886281634,97.24486394426569,100.34114161761468,12054400,DIS
2026-06-26,98.03878021240234,98.69375749140566,97.15554857213215,97.30440945370802,13921400,DIS
2026-06-29,97.87999725341797,99.27927899748993,97.75098852218167,98.95178655891404,10418100,DIS
2026-06-30,96.25,97.5999984741211,95.98999786376953,97.41000366210938,12717800,DIS
2026-07-01,95.70999908447266,97.76000213623047,95.6500015258789,96.55000305175781,11590400,DIS
2026-07-02,99.5,99.5199966430664,95.7699966430664,96.4000015258789,11297800,DIS
2026-07-06,97.41000366210938,99.44000244140625,97.0199966430664,98.8499984741211,10171900,DIS
2026-07-07,97.4800033569336,99.04000091552734,96.91999816894531,98.13999938964844,9936400,DIS
2026-07-08,96.69999694824219,97.66000366210938,96.63999938964844,97.30000305175781,8720800,DIS
2026-07-09,96.16999816894531,96.55000305175781,94.77999877929688,96.33999633789062,11448100,DIS
2026-07-10,95.62000274658203,97.05000305175781,95.5199966430664,96.88999938964844,10678900,DIS
2026-07-13,96.0,97.54000091552734,95.83000183105469,96.0999984741211,9304200,DIS
2026-07-14,95.87000274658203,96.69000244140625,95.12999725341797,95.51000213623047,7651600,DIS
2026-07-15,97.1500015258789,97.9000015258789,96.0999984741211,96.0999984741211,10219200,DIS
2026-07-16,99.70999908447266,99.8499984741211,97.27999877929688,97.27999877929688,7480000,DIS
2026-07-17,97.66999816894531,99.79000091552734,97.05000305175781,99.01000213623047,10496500,DIS
2026-07-20,96.41000366210938,98.38999938964844,96.0,97.8499984741211,9861700,DIS
2026-07-21,96.13999938964844,96.88999938964844,95.83999633789062,96.0,9745400,DIS
2026-07-22,95.87000274658203,97.30000305175781,95.6500015258789,97.12000274658203,9119200,DIS
2026-07-23,92.83000183105469,94.81999969482422,92.48999786376953,94.80999755859375,13562500,DIS
2026-07-24,94.8499984741211,96.29000091552734,93.0,93.26000213623047,12153100,DIS
2026-07-27,96.6500015258789,97.19000244140625,95.51000213623047,95.51000213623047,10593900,DIS
2026-07-28,98.88999938964844,99.2300033569336,96.97000122070312,97.0,11389300,DIS
2026-07-29,98.4800033569336,99.41000366210938,97.98999786376953,98.33999633789062,11070100,DIS
2026-07-30,96.16000366210938,97.4800033569336,94.45999908447266,97.41000366210938,21112400,DIS
2026-07-31,96.19000244140625,96.58999633789062,95.5999984741211,96.08000183105469,11193000,DIS
2026-08-03,98.13999938964844,99.05000305175781,97.20999908447266,97.62000274658203,11480300,DIS
2026-08-04,98.18000030517578,98.56999969482422,97.37999725341797,97.87000274658203,16796800,DIS
2026-08-05,101.76000213623047,103.20999908447266,99.69000244140625,101.98999786376953,20809000,DIS
2026-08-06,104.68000030517578,104.7300033569336,102.5199966430664,102.54000091552734,14047200,DIS
2026-08-07,104.91000366210938,105.25,103.69999694824219,104.41999816894531,10929700,DIS
2026-08-10,103.18000030517578,104.80000305175781,102.80000305175781,104.61000061035156,8631900,DIS
2026-08-11,103.52999877929688,104.08999633789062,102.79000091552734,102.94999694824219,6781600,DIS
2026-08-12,103.22000122070312,103.68000030517578,102.02999877929688,103.29000091552734,6717500,DIS
2026-08-13,104.80000305175781,104.94000244140625,103.45999908447266,103.80000305175781,7100000,DIS
2026-08-14,106.8499984741211,107.11000061035156,104.91000366210938,104.98999786376953,8172300,DIS
