Date,Close,High,Low,Open,Volume,Ticker
2024-01-02,141.39144897460938,142.0283456293017,139.08149650587367,139.12902913784953,7238400,PG
2024-01-03,140.535888671875,141.82869778378284,139.90849281501065,141.0111859261805,7697500,PG
2024-01-04,141.30584716796875,141.8952255401691,140.4693339864866,140.73549924944712,7067400,PG
2024-01-05,140.13662719726562,141.51498620077152,139.30961469614604,141.37240284020598,5294200,PG
2024-01-08,141.34388732910156,141.56251998540452,140.35526100466078,140.60242483823086,8255300,PG
2024-01-09,141.9237823486328,142.01883310947514,140.73553905118098,141.2298523242994,9786800,PG
2024-01-10,142.53211975097656,142.58915309142614,141.8857080477377,141.97127256333079,8591100,PG
2024-01-11,143.073974609375,143.34965514028332,141.91424814571909,142.63670925713032,6659400,PG
2024-01-12,143.15953063964844,143.82494385676782,142.48460219483576,143.492229995748,5684700,PG
2024-01-16,142.38954162597656,144.0150645786332,141.52451166775884,142.7317562210137,8120100,PG
2024-01-17,142.53211975097656,143.15951550575932,141.64805945925198,141.79065731529465,6541400,PG
2024-01-18,141.7104034423828,141.9591136260491,140.54335290978966,141.79649374482213,6526200,PG
2024-01-19,141.16514587402344,142.16956189763133,140.91642110156693,141.81562537870374,7848100,PG
2024-01-22,141.4425506591797,141.77736572629166,139.9311243903575,140.59117920484888,11084100,PG
2024-01-23,147.29696655273438,149.61193212774032,146.2542781608671,146.46473090373382,19101600,PG
2024-01-24,145.51766967773438,147.53609185557116,145.48897290810132,147.24910956271495,11592700,PG
2024-01-25,148.8657684326172,148.90404052470396,145.46028206321319,145.78552186331888,10352500,PG
2024-01-26,149.3632354736328,149.38237152377846,148.59795402963115,149.04755633061228,8356600,PG
2024-01-29,149.38235473632812,150.50157270133545,148.65533087779056,149.87977521197948,8987400,PG
2024-01-30,150.65463256835938,151.0659627246703,149.05711557199857,149.55453604988227,7794700,PG
2024-01-31,150.31980895996094,151.62078282229726,149.8989035050099,151.1329230976188,8870000,PG
2024-02-01,152.271240234375,152.38604190312597,149.8223520500539,149.96585048686134,7601100,PG
2024-02-02,151.22854614257812,152.67301819524673,150.6928536978233,152.07035689663536,7937700,PG
2024-02-05,151.34336853027344,152.09907449049044,150.72157110305687,151.30509643810785,6931900,PG
2024-02-06,152.060791015625,152.16601735631312,151.01808833188852,151.43899369464103,6185400,PG
2024-02-07,152.21385192871094,152.89304285461174,151.8503546553296,152.1947304803662,7209300,PG
2024-02-08,151.7547149658203,152.19475649389557,150.92247932828627,151.9077741578924,6121600,PG
2024-02-09,150.587646484375,151.46771484063763,150.14761960450681,151.3911852535896,5978000,PG
2024-02-12,150.29112243652344,150.7694214685795,148.7414382435507,150.53027195255146,5482000,PG
2024-02-13,149.487548828125,152.0703600817321,148.73182835903395,150.9033095469906,6046800,PG
2024-02-14,148.87533569335938,149.38233141211109,148.18658403835224,149.38233141211109,5727300,PG
2024-02-15,150.19544982910156,150.58765852037322,149.37277494823957,149.51627340912125,6249200,PG
2024-02-16,150.67373657226562,151.57294097308593,149.87019780424473,150.22413437185546,6617600,PG
2024-02-20,151.63034057617188,152.85478482302028,151.26684326935947,151.81209652784148,6622100,PG
2024-02-21,153.43829345703125,153.43829345703125,152.2808182012367,152.2808182012367,7121000,PG
2024-02-22,153.5913543701172,154.0983500824023,151.74512745491393,152.5391054525459,6619500,PG
2024-02-23,154.04095458984375,154.72014550332815,153.20871910977186,153.6296245100692,5486500,PG
2024-02-26,153.26611328125,154.17487834664007,153.12262943806613,154.04095522749338,4531900,PG
2024-02-27,152.38604736328125,152.86434631006082,152.06080758263724,152.49127371543378,3868200,PG
2024-02-28,153.10348510742188,153.170439365109,151.75467866839068,152.16602332413098,3802900,PG
2024-02-29,152.0416717529297,153.16088953839494,151.31464801101941,152.98869432711732,8348100,PG
2024-03-01,151.9556121826172,152.12779283219743,150.76942529823793,151.1903307925831,4819800,PG
2024-03-04,152.63475036621094,152.82606701659972,150.8267810164662,150.89374987219094,3841600,PG
2024-03-05,152.4051971435547,153.0461160384185,151.88862606042298,152.53912027686167,4481600,PG
2024-03-06,152.6443328857422,153.04610224946495,152.01297477280974,152.7495446413721,5405700,PG
2024-03-07,153.6487579345703,153.926179513902,152.54867613156537,153.0078390601688,4783900,PG
2024-03-08,153.39048767089844,154.25141999037368,151.41988362575322,152.9121886941841,5080200,PG
2024-03-11,154.5384063720703,155.5619586190442,153.8400939346749,154.33751437407963,5170900,PG
2024-03-12,154.9019012451172,155.46630513702215,154.23228558987785,154.7966894817828,4229100,PG
2024-03-13,155.255859375,155.66718951146393,154.32795814096838,155.33238896710364,5410500,PG
2024-03-14,154.49058532714844,155.56197047400815,154.1366487189597,155.19847314005384,5848100,PG
2024-03-15,154.3757781982422,154.4905652786445,153.34265068504337,153.72528401740175,10956900,PG
2024-03-18,154.2131805419922,155.6576383659622,154.01228852579052,154.4714515101439,6086300,PG
2024-03-19,154.80624389648438,155.1314836876966,154.17488576305408,154.77754712646717,6148100,PG
2024-03-20,154.95932006835938,155.35151416713114,154.4618850059438,154.97844151945137,4870300,PG
2024-03-21,154.8349609375,155.40892560603936,154.12707312583848,155.0549744019447,5211500,PG
2024-03-22,154.6436309814453,155.36107945731263,154.46187503211468,155.16018746159807,6393200,PG
2024-03-25,153.2374267578125,154.64362690113157,152.79738528175278,154.17488865451648,7145600,PG
2024-03-26,153.581787109375,154.14617633540334,153.18957848931134,153.40003118317355,5842700,PG
2024-03-27,155.5524139404297,155.6767763613732,154.33753029517754,154.3566663437523,6599700,PG
2024-03-28,155.2080078125,156.05937935161663,154.68187605315254,155.7532756166943,7191500,PG
2024-04-01,153.61048889160156,155.0358249835572,152.86434371501412,154.75840342508033,5971900,PG
2024-04-02,153.60092163085938,153.73484474412385,152.71127805261892,152.71127805261892,6771200,PG
2024-04-03,149.37277221679688,153.89749127706222,148.92316998800496,153.6583417764932,9601800,PG
2024-04-04,148.70315551757812,150.26241492151354,148.66489802022065,150.0710982416721,6801700,PG
2024-04-05,149.32493591308594,150.24326171002147,147.9761293900287,148.55007936398204,5121200,PG
2024-04-08,149.26751708984375,149.89887515285403,148.8753230778443,149.20056283278018,5476800,PG
2024-04-09,149.86062622070312,149.9467165260688,148.94228584056043,149.48755363426002,4608100,PG
2024-04-10,150.4154510498047,150.7406908153383,148.89444937635082,148.89444937635082,7784900,PG
2024-04-11,149.07623291015625,150.75985477816235,149.00927863851192,150.71202195754353,8209800,PG
2024-04-12,148.58836364746094,149.20058576116867,148.0239743513061,148.48313728745524,6770500,PG
2024-04-15,148.70315551757812,150.0137046973724,148.58836842897867,149.63105674116247,5754000,PG
2024-04-16,149.18145751953125,150.12849480912845,148.91361124305416,149.08580647594792,6103300,PG
2024-04-17,150.1476287841797,150.30067337110623,148.98057805426788,149.51627059982863,6621900,PG
2024-04-18,151.43484497070312,151.7621995744875,150.15436738801435,150.52021182987775,7819300,PG
2024-04-19,152.25320434570312,152.29170887327072,147.80518952738927,149.21083249065555,12034200,PG
2024-04-22,154.56385803222656,155.28593912336973,151.39633544302052,152.53240264151265,8926300,PG
2024-04-23,155.48814392089844,156.06581472818547,154.4483452822491,155.6614363486172,7707300,PG
2024-04-24,156.54718017578125,156.7974963220208,153.4855488325655,155.19928671175023,7217600,PG
2024-04-25,156.49903869628906,158.20315411879238,156.04653338810581,156.90340232877213,7094600,PG
2024-04-26,155.28594970703125,157.24039617578117,154.5157415766062,156.45091374408355,5659800,PG
2024-04-29,155.64218139648438,155.76733213373294,154.4387128678541,155.17041644458126,4621000,PG
2024-04-30,157.12484741210938,157.2692724493245,155.58441651725977,155.81547307155938,8106100,PG
2024-05-01,157.3173828125,158.12612473941533,156.18131569851084,157.2018545475591,7543000,PG
2024-05-02,157.7410125732422,158.3668249794098,156.585685803641,157.45217720814767,5647500,PG
2024-05-03,158.33795166015625,158.57864536257054,156.12356665978928,157.45218590738727,5581500,PG
2024-05-06,158.31866455078125,158.83855639374931,157.18258283351744,158.64600440341948,5472400,PG
2024-05-07,159.58953857421875,159.85911433115743,158.4630938704156,158.83857543834998,6433000,PG
2024-05-08,158.92523193359375,160.17682733155485,158.79042936807787,159.80134577401122,4579400,PG
2024-05-09,159.859130859375,160.13834379485803,158.9059931526435,158.9059931526435,4671100,PG
2024-05-10,160.6389923095703,161.13000220267583,159.53179239891946,159.90727400912454,4879400,PG
2024-05-13,159.69544982910156,161.4091877812504,159.20443997453447,160.63897970132808,5725500,PG
2024-05-14,159.58953857421875,159.88801108940802,157.8469186130162,159.36810449332845,6009800,PG
2024-05-15,160.31161499023438,160.47528493142752,158.9733587032772,159.15628825248615,5102700,PG
2024-05-16,161.6113739013672,162.07350167875498,160.3886458268603,160.7159857237276,6793600,PG
2024-05-17,161.39956665039062,161.74616616551927,160.6678630921313,161.42844871908656,4700800,PG
2024-05-20,161.08184814453125,161.63063682769956,160.58120113913205,161.31291938335647,3804600,PG
2024-05-21,162.08314514160156,162.26606001525028,161.06259150273698,161.5150968387042,5147100,PG
2024-05-22,161.563232421875,162.1601480805122,161.3899400141844,161.75578443845694,4536700,PG
2024-05-23,159.32960510253906,161.85207034838928,159.16593515132058,161.06258796992407,4729800,PG
2024-05-24,159.17556762695312,160.1190828660228,159.0022605148425,159.67621466209917,3820100,PG
2024-05-28,157.03817749023438,158.62674982426864,156.21981314192846,158.36681123993438,6466200,PG
2024-05-29,155.6325225830078,156.68195815888927,155.41108851798,156.59529727189937,4360400,PG
2024-05-30,156.5279083251953,156.64343658507389,155.4688503070562,155.6325202388094,4748200,PG
2024-05-31,158.4149627685547,158.6364115550036,155.94063911489718,156.3931444565583,10341400,PG
2024-06-03,158.52085876464844,160.05168180196893,157.5388390842868,157.82765976040668,5828400,PG
2024-06-04,160.7930145263672,160.8989203423059,158.28017170343716,158.6556532888967,6277000,PG
2024-06-05,159.86875915527344,160.79301474035262,158.83858306333693,160.79301474035262,5243300,PG
2024-06-06,162.19866943359375,162.3045752477246,158.93486349545918,159.65694458523035,6302000,PG
2024-06-07,160.84115600585938,162.68005940271445,160.62934437424374,162.13127071422548,4558200,PG
2024-06-10,161.12034606933594,161.47656799434944,159.89761813132876,160.5715574586957,4110600,PG
2024-06-11,161.24551391601562,161.26477352477946,159.8398709825751,160.75450407336618,3947700,PG
2024-06-12,159.03114318847656,161.3995757911194,158.10688755630744,161.2647878993123,5474500,PG
2024-06-13,160.21534729003906,160.783380858303,158.3475619522986,158.3475619522986,4902200,PG
2024-06-14,160.58120727539062,160.71599516382824,159.09854050257672,159.81099916476305,3695000,PG
2024-06-17,161.2647705078125,162.42973441840775,159.242937657971,159.6761980477776,6759400,PG
2024-06-18,162.2853240966797,162.37197030618154,160.7256335625337,160.81227977203554,5112600,PG
2024-06-20,161.42843627929688,162.49711681102545,160.64859110304724,162.1023756482301,8483600,PG
2024-06-21,161.9964599609375,162.59339024339494,160.95666155909527,161.24549689695849,14682000,PG
2024-06-24,162.1793975830078,163.10366777209225,161.24550493546593,162.47785539372765,7565200,PG
2024-06-25,160.6389923095703,162.6223061835139,159.7243444340131,162.35273039622712,7968200,PG
2024-06-26,161.2166290283203,161.56322852612118,159.49326868891788,159.86875025397075,5164000,PG
2024-06-27,160.41754150390625,161.84245886546628,159.33923836826378,161.25516561677992,5007000,PG
2024-06-28,158.78082275390625,161.01446740479437,158.4534828384141,159.8206213302737,9253100,PG
2024-07-01,156.66270446777344,160.02279354757184,156.16205749722656,159.42586322818948,7638600,PG
2024-07-02,157.79876708984375,157.93355495990193,155.69030284195725,156.52791212797757,5449200,PG
2024-07-03,157.73141479492188,158.09727396067348,156.91305024756565,157.13449905356228,2980500,PG
2024-07-05,159.06002807617188,159.46439172140848,157.41367673627252,157.90468658603612,6509200,PG
2024-07-08,160.32125854492188,160.4656688838688,159.45475243890894,159.7724698753693,5144500,PG
2024-07-09,159.4932861328125,160.55232965969356,158.9926390943936,160.42717891817264,4393100,PG
2024-07-10,160.59083557128906,160.7063638433577,159.37772995145934,159.72432945844253,5037100,PG
2024-07-11,159.3777313232422,160.42716700308154,158.64602777588084,160.1094495613809,5831500,PG
2024-07-12,160.40792846679688,161.39958544960152,159.83989479524456,160.03244683923762,4684600,PG
2024-07-15,158.45347595214844,160.41753005052308,158.33794767894327,160.27311970901664,5752500,PG
2024-07-16,160.73524475097656,160.8507877129883,158.48235531723884,158.7711906861025,6378300,PG
2024-07-17,163.13253784179688,163.83535921768947,161.10108275766808,161.50544634478882,7982300,PG
2024-07-18,162.16978454589844,164.557461861147,162.01573705697217,162.51638405059398,5926300,PG
2024-07-19,162.68023681640625,163.72627435100827,161.87632583142963,162.68991714906844,6597100,PG
2024-07-22,162.96109008789062,163.39694145919387,162.4283762877948,162.65114213905974,6383000,PG
2024-07-23,161.38233947753906,163.12575990769258,161.09178172179102,162.82550704066423,4863400,PG
2024-07-24,162.71896362304688,162.99016071342132,160.3750374681632,161.09178108080025,5907000,PG
2024-07-25,161.65353393554688,164.74325944048715,161.62447816044542,163.0289095929694,7338300,PG
2024-07-26,163.7940673828125,163.99747258485766,161.77944992173676,161.9925354556383,5581600,PG
2024-07-29,164.58828735351562,165.17911275261935,162.8255062674387,163.54224987952398,6797800,PG
2024-07-30,156.61700439453125,157.27563647670132,153.0720518871044,156.7041717236155,15746300,PG
2024-07-31,155.70655822753906,157.74055134652576,154.20529377876724,155.75498945020715,9660900,PG
2024-08-01,160.48158264160156,161.08208838226327,155.6290611593733,155.8227860375135,12532700,PG
2024-08-02,164.7335968017578,164.99511358489212,159.95856193240445,162.1765848642625,11899000,PG
2024-08-05,162.77706909179688,165.50843011596737,161.43076402233814,165.50843011596737,10338800,PG
2024-08-06,162.80612182617188,164.97571320672182,162.57367563552407,162.62209207248756,7454900,PG
2024-08-07,164.67547607421875,166.3220341246931,162.72865036694674,163.27105934820045,8385500,PG
2024-08-08,165.4987335205078,166.1670458833687,163.68752129818748,164.09431691490013,6386900,PG
2024-08-09,165.17910766601562,165.87647581329028,164.31708520329173,164.77231204329416,5377300,PG
2024-08-12,161.56637573242188,164.31709764430946,160.97555030677884,164.07495631870384,7208100,PG
2024-08-13,162.03128051757812,162.5252582730757,161.2273843342208,162.07971173780209,3770000,PG
2024-08-14,163.4938201904297,164.14275714647863,160.60749983001398,161.2661171182548,5476600,PG
2024-08-15,162.64146423339844,164.34613363999608,161.50824473945698,164.13306289591176,9491400,PG
2024-08-16,162.6124267578125,163.05797329625298,161.55669413344006,162.54463487232385,5640800,PG
2024-08-19,163.12574768066406,163.91997823119894,162.88360638293494,162.8932867143566,3885300,PG
2024-08-20,165.05322265625,165.19850154517368,162.82551942490358,163.4647760944362,4513600,PG
2024-08-21,164.81106567382812,166.4866794099036,164.2686715011655,164.84012144885415,4082000,PG
2024-08-22,164.80137634277344,165.85712372923342,163.82313073127807,165.50843963755918,4097300,PG
2024-08-23,163.85218811035156,164.76264184636017,162.96110981827366,164.70453029370148,4771300,PG
2024-08-26,164.99510192871094,165.59560767505937,163.39696034371906,163.39696034371906,6472400,PG
2024-08-27,163.92965698242188,165.72150847999765,163.76500267504906,165.45999174281414,4456400,PG
2024-08-28,163.74563598632812,165.81836499454243,163.28072881247488,164.0943200615012,5644800,PG
2024-08-29,164.68516540527344,165.23725474918405,163.62943271995087,164.4139682893949,4413200,PG
2024-08-30,166.147705078125,166.47702855194635,164.35586792470878,164.81109485288923,7301600,PG
2024-09-03,169.03402709960938,169.49893432416954,165.61499263528688,165.65372874602764,10101400,PG
2024-09-04,170.37062072753906,170.467483163717,168.1719882618008,168.1719882618008,7517500,PG
2024-09-05,169.9541473388672,171.00019959306672,169.179292175112,170.457805412178,6061900,PG
2024-09-06,170.07037353515625,171.4747902317535,169.82823221577283,170.235027858841,5785700,PG
2024-09-09,170.5255889892578,171.28106867285962,169.16960360308335,170.02193094047917,6450200,PG
2024-09-10,172.20120239257812,172.3464960417342,170.38030984537278,170.38030984537278,6396300,PG
2024-09-11,168.45286560058594,171.4360483280387,168.1719881824149,171.04862814177534,6828200,PG
2024-09-12,168.0170135498047,169.121177333453,167.01939253383878,168.43348950947876,4838900,PG
2024-09-13,168.60784912109375,169.05338088257704,167.36808671998622,167.92016125558658,3918000,PG
2024-09-16,171.66851806640625,171.73630995185158,168.8403091808068,169.21804905438367,6892300,PG
2024-09-17,170.35125732421875,171.40698987757057,169.84759926663165,171.07768124647353,4757100,PG
2024-09-18,168.45286560058594,170.3706206471153,167.1453113875975,169.54734905652245,5102900,PG
2024-09-19,166.147705078125,167.7167911029932,165.02418042689436,167.44559396864767,8692000,PG
2024-09-20,168.74343872070312,169.0533719149725,166.10894006331583,166.11862039530985,28647500,PG
2024-09-23,168.3075714111328,169.68293216009562,167.16465684112455,168.54001759008733,10265000,PG
2024-09-24,167.79425048828125,169.0146373919415,167.1937299789694,167.4455664045022,5422400,PG
2024-09-25,166.84503173828125,169.18895768847187,166.6513216590922,168.5981471196413,8916500,PG
2024-09-26,167.76519775390625,169.12118322699706,165.97334608384114,166.10894463115022,4957200,PG
2024-09-27,168.09449768066406,168.9662004711278,167.15498823049657,167.57146418307988,4599500,PG
2024-09-30,167.75550842285156,168.5303636252311,167.28092088048356,168.26884685386207,6296600,PG
2024-10-01,167.60052490234375,168.5303540481867,166.7869336366892,167.79424977628017,7130600,PG
2024-10-02,166.51576232910156,167.0291008104188,165.70217093748195,166.60292966838898,6212700,PG
2024-10-03,164.77230834960938,165.9830148588303,164.43331939450684,165.9830148588303,4794300,PG
2024-10-04,163.57130432128906,164.74325999870678,162.9707838158474,163.54224854608916,6002800,PG
2024-10-07,161.86660766601562,164.24928450447584,161.62446637174304,163.8424889035937,6325300,PG
2024-10-08,162.8739471435547,163.29042313559876,161.04335928682812,161.60512894380426,7473000,PG
2024-10-09,163.9490509033203,164.4720696575063,162.71896884591112,163.08702838571864,8758800,PG
2024-10-10,163.63909912109375,164.45269039946203,163.0773294919919,163.49382024250409,6932300,PG
2024-10-11,165.71182250976562,166.02177047895043,163.65846894088054,164.13307122652003,7036500,PG
2024-10-14,167.08718872070312,167.40681703198584,165.3728388408227,165.6440359329778,5909000,PG
2024-10-15,168.11387634277344,169.41175022156588,167.3874524104315,167.45524429230105,7172200,PG
2024-10-16,166.9613037109375,167.16469416293242,165.5181359848184,166.4770210244843,6117000,PG
2024-10-17,166.86439514160156,168.22038037722993,166.36073714874075,166.76753271942928,7045600,PG
2024-10-18,166.87123107910156,167.77730049795446,164.12382594747314,165.91646055906307,8372500,PG
2024-10-21,165.176025390625,167.06609207228863,164.11408561291572,166.57896209726303,5522500,PG
2024-10-22,165.3319091796875,166.33539573063797,164.23100555415584,164.23100555415584,7511400,PG
2024-10-23,165.21499633789062,165.78980611352137,164.38686947291143,165.1857697300468,4837800,PG
2024-10-24,165.2539520263672,165.58521167560426,164.5817103471274,165.05910302836196,5861200,PG
2024-10-25,163.8900146484375,165.03963428650368,163.714640122106,164.57199365966554,4877900,PG
2024-10-28,164.9422149658203,165.2929491476873,164.04589758238856,164.92272560404234,5753800,PG
2024-10-29,162.86703491210938,164.5135366148126,162.5357900952179,164.5135366148126,5681000,PG
2024-10-30,161.88302612304688,163.01317115793714,161.68817711917555,162.78908068076032,5518100,PG
2024-10-31,160.92825317382812,162.74037729538355,160.84057334521106,161.49332573496125,6056500,PG
2024-11-01,160.85031127929688,162.06813612282266,160.74314209842558,161.0548975280347,5454800,PG
2024-11-04,160.83082580566406,161.99019746328005,160.34369585648264,161.45435154597524,5130200,PG
2024-11-05,161.49331665039062,162.0389146851574,160.1001321206448,160.1001321206448,4397400,PG
2024-11-06,156.90455627441406,161.76610354980681,155.696468674315,161.34717893809463,11473700,PG
2024-11-07,159.20382690429688,159.72992075246015,157.32349741250763,157.79115290646112,9056700,PG
2024-11-08,163.3931427001953,163.4321065571302,159.7104264136981,159.79812110734895,7506200,PG
2024-11-11,161.7563934326172,164.18230628669744,161.5128284223451,162.70142686175515,6364400,PG
2024-11-12,161.57127380371094,162.75987218542744,161.30823430892528,161.86355477505606,6507500,PG
2024-11-13,162.29220581054688,162.50654416446966,161.41536303558308,161.78558653163617,5412300,PG
2024-11-14,162.7793426513672,163.71462381186512,162.2240073836754,162.4188712526363,7444300,PG
2024-11-15,165.176025390625,166.17952681592263,162.58450522166945,163.61721839015937,9939400,PG
2024-11-18,166.35488891601562,167.0368679178685,164.4843115683503,164.75710316909147,6681000,PG
2024-11-19,166.36460876464844,166.7640588761098,165.29293183554017,166.2964183046085,5683700,PG
2024-11-20,166.4912872314453,166.66666175801518,165.1468037031772,165.63393369272043,7081100,PG
2024-11-21,168.3034210205078,169.04385329522435,165.8385443216171,167.24148115036704,6240400,PG
2024-11-22,171.74252319335938,172.83368945568074,169.40430552666345,169.6673449795996,10609800,PG
2024-11-25,172.823974609375,174.2171740897613,172.3465818747202,172.9116544383849,19357000,PG
2024-11-26,174.6945343017578,174.8406822013635,172.63884538858753,172.63884538858753,6276700,PG
2024-11-27,174.74325561523438,175.78570597406238,174.12946712336594,175.3667813542975,5522900,PG
2024-11-29,174.6458282470703,175.00631452706946,173.69105768610098,174.10024506937356,3823700,PG
2024-12-02,175.07449340820312,175.5226594836754,173.42799187057068,174.50942090696665,5728200,PG
2024-12-03,170.90467834472656,174.99656715433,170.69033996682106,174.16845511790157,8127300,PG
2024-12-04,170.60264587402344,170.641609727645,168.99512304017574,169.68683922064565,6823500,PG
2024-12-05,171.4989776611328,171.91791716960515,169.95964515753874,170.35909530454032,5022200,PG
2024-12-06,169.3458709716797,172.1907082304505,169.27766563975774,170.85596199535664,5741200,PG
2024-12-09,166.39385986328125,169.28741327002862,166.04312566652314,169.17050682645188,7164300,PG
2024-12-10,167.84547424316406,168.47873715576918,165.55595780646956,166.03335045195732,6219900,PG
2024-12-11,166.23797607421875,168.9269281205337,166.0138855875058,168.55670459120512,5237500,PG
2024-12-12,166.4523162841797,167.3973496129271,165.64367875205426,167.01737396588,4072800,PG
2024-12-13,166.6569061279297,167.3681117351705,165.7410993883452,166.37437728100736,3884500,PG
2024-12-16,166.73483276367188,168.33261834822702,166.69586891010866,167.03685094337044,5943600,PG
2024-12-17,165.94569396972656,167.5239902831141,165.6436757730686,166.27693877470452,6069200,PG
2024-12-18,164.72787475585938,166.16977532485075,164.6694215372016,165.3903643886837,7517100,PG
2024-12-19,164.8350372314453,165.721617321049,163.04240255749664,164.65966271658812,8585200,PG
2024-12-20,163.734130859375,165.49753905537128,163.18854764581013,164.52327906942614,21999300,PG
2024-12-23,163.78282165527344,164.33814203156427,162.07786694195414,163.73410569025924,6983900,PG
2024-12-24,164.5914764404297,164.8252893114859,163.11059717095722,163.30544618551303,2460800,PG
2024-12-26,165.7800750732422,165.9164708702957,163.7438753650762,163.97768823658117,3629400,PG
2024-12-27,165.16629028320312,166.36462587480713,164.90323593079293,165.05912109266765,4367900,PG
2024-12-30,162.78909301757812,164.63044374585553,162.4188843419745,164.32842553706288,4354500,PG
2024-12-31,163.3346710205078,163.75361051997845,162.30195787515362,163.05214218237433,3957600,PG
2025-01-02,161.70765686035156,164.36739713728718,161.63946639649572,163.76334587985218,5401700,PG
2025-01-03,160.87954711914062,162.21427846711686,160.02219362296665,161.9707134844335,5256600,PG
2025-01-06,156.4661407470703,159.29148841785747,156.31025560034428,158.61924673037393,8731700,PG
2025-01-07,157.14813232421875,158.42441047541158,156.60254913281054,157.30401748348595,8447400,PG
2025-01-08,157.92755126953125,158.21981737545633,156.43693466520227,156.84612207952517,4974800,PG
2025-01-10,154.4786376953125,157.06043518831177,153.4166980386346,156.02770727149684,8501500,PG
2025-01-13,154.75144958496094,155.96927454366786,154.33252493485887,155.24833168237086,6772200,PG
2025-01-14,155.62826538085938,155.94977289790867,154.2350661403124,154.76117475585662,5982200,PG
2025-01-15,155.5406036376953,157.0019936431833,155.23858541512558,156.45641041969893,8059200,PG
2025-01-16,156.36871337890625,156.44665595454472,155.04371932510438,155.51135991290909,5774400,PG
2025-01-17,156.98251342773438,157.5865498508686,155.4918968657224,155.62829266662456,7262700,PG
2025-01-21,157.55731201171875,158.17110050504635,156.81687984045425,156.81687984045425,13914700,PG
2025-01-22,160.4995880126953,163.81206586528387,160.20730705722528,162.79884206781827,14356700,PG
2025-01-23,161.87327575683594,162.19478330640501,159.1161333335512,159.6617164966892,7614300,PG
2025-01-24,160.8705291748047,162.62509674984875,159.9687463532027,162.62509674984875,6199800,PG
2025-01-27,166.3008575439453,166.57531254867976,162.8211420008129,163.41906503755777,9170800,PG
2025-01-28,162.89956665039062,166.23224325075685,162.8211487948121,165.56571391335424,6716300,PG
2025-01-29,162.9387664794922,163.97777688139118,162.5957051910089,163.41907023138057,4850300,PG
2025-01-30,164.09539794921875,164.28163846980803,162.64469018708937,164.1640042187291,4136500,PG
2025-01-31,162.70352172851562,163.32103800714034,161.93896636894144,162.7133183512419,5464700,PG
2025-02-03,165.41867065429688,166.0264052805371,161.95856325627886,162.19381681708248,8668600,PG
2025-02-04,164.8011474609375,165.93816889885284,162.98777019444887,165.93816889885284,6410900,PG
2025-02-05,165.66371154785156,165.79114242239189,163.31123589844427,164.76192871702293,7536800,PG
2025-02-06,165.53631591796875,166.5655147928,164.70313925515777,166.01660473777608,4957900,PG
2025-02-07,164.64430236816406,165.77152711924052,164.54627632169013,165.74212229663328,4535600,PG
2025-02-10,164.21302795410156,165.14421566110752,163.10539633730664,164.36986366131921,7062900,PG
2025-02-11,166.0753936767578,166.21263613007164,163.20341286972598,164.36985406949057,5438100,PG
2025-02-12,166.22242736816406,166.71252769123683,164.6443037296027,165.016784761274,6037400,PG
2025-02-13,167.63392639160156,167.98679923868946,165.79114430606754,166.2714480291436,6328300,PG
2025-02-14,159.66488647460938,166.63411383380802,159.08657166914116,166.42826511225266,13179500,PG
2025-02-18,162.1545867919922,162.47805480217428,158.98854287173714,160.1157825963126,7075300,PG
2025-02-19,163.19361877441406,163.56608486724303,161.96836790807066,162.81134110238193,7910700,PG
2025-02-20,163.8993682861328,164.4580749167228,159.57667953942328,159.91974081598178,6162600,PG
2025-02-21,166.85955810546875,167.17322950328233,162.63489555414228,164.12480478040578,9813700,PG
2025-02-24,167.16342163085938,169.55511374385705,166.4282711021925,166.84976518276625,8564100,PG
2025-02-25,169.2316436767578,170.50590756909065,167.41828136857413,167.88877351338104,7314900,PG
2025-02-26,167.90838623046875,169.23164822769974,167.2712467888307,168.8689787476453,5519000,PG
2025-02-27,168.56512451171875,169.66294456778152,167.25165909368985,167.46730445565598,5467000,PG
2025-02-28,170.39808654785156,171.19204672387764,168.447496721979,170.14323974958262,10240100,PG
2025-03-03,172.11343383789062,172.79957132266034,170.0746146283781,170.14323585519278,7615300,PG
2025-03-04,169.7511444091797,176.4263235180975,169.4865009977753,173.25046797116778,12117600,PG
2025-03-05,171.15284729003906,172.38789480542172,169.59433174419706,169.9472045995458,6989100,PG
2025-03-06,171.2018585205078,172.35848817182256,169.41788606033327,171.42730049451944,6702500,PG
2025-03-07,172.46630859375,175.34810101841884,170.603933263481,170.64313471018457,9566700,PG
2025-03-10,172.7701873779297,176.4263471255385,172.34870821373408,173.2602877772328,11047000,PG
2025-03-11,169.6923370361328,172.50552315994102,168.90818845700795,172.34868746144588,11032300,PG
2025-03-12,165.03639221191406,168.42789332045896,164.44828074760636,166.34006097830996,10158800,PG
2025-03-13,165.2520294189453,165.93816690513546,163.96796891835896,164.37965141007308,6609000,PG
2025-03-14,164.64430236816406,165.25202197761314,163.32102552413974,164.46785847584593,6790500,PG
2025-03-17,166.3988494873047,167.70251808806324,164.8011326700906,165.03637124325502,9931700,PG
2025-03-18,164.38946533203125,166.88896514186985,164.2620344553957,166.70273957320916,6099900,PG
2025-03-19,165.23245239257812,165.4088813534836,163.8013526751894,164.5462998823629,7569200,PG
2025-03-20,164.23263549804688,165.8597723013832,162.7427261988066,165.5461008882058,8789200,PG
2025-03-21,163.3896484375,164.81093638602,160.87052559248409,163.83073573784415,16027300,PG
2025-03-24,162.37025451660156,163.56610067425322,162.0860028690771,163.13480993455235,6102100,PG
2025-03-25,159.6256866455078,162.09578158913843,158.98854722980258,162.02717531904196,8366700,PG
2025-03-26,163.28182983398438,163.51708337980784,159.76291300900684,160.1157858494044,7756000,PG
2025-03-27,165.3696746826172,165.6833311443283,163.32104375338014,164.54629468768812,6211700,PG
2025-03-28,164.70314025878906,166.34988539057267,164.30125433867002,166.02641732974595,5479100,PG
2025-03-31,167.04579162597656,167.7515372847976,164.77173391385585,164.77173391385585,11520100,PG
2025-04-01,167.1830291748047,167.66333290271322,165.71272812325796,167.19284075408748,7021100,PG
2025-04-02,166.14401245117188,167.4966941528396,164.97757126862365,166.70273400853034,6274500,PG
2025-04-03,168.976806640625,171.3390940369779,167.34966980653886,170.78037243045046,9393300,PG
2025-04-04,160.5078582763672,170.16284077215002,160.2334032877569,168.3690717672986,13454200,PG
2025-04-07,157.0575408935547,161.4390388542025,156.03813883138668,160.41963679203448,15708000,PG
2025-04-08,155.2539825439453,160.04716319175077,153.60725260793433,159.0963673513128,11541100,PG
2025-04-09,159.106201171875,161.4194607034519,153.58766587699793,154.24439861876078,10670200,PG
2025-04-10,160.32162475585938,161.8017373911967,157.56726317064133,159.67468870160636,10581600,PG
2025-04-11,163.6053009033203,164.69332426845705,159.40023156373408,160.1353820818893,8602800,PG
2025-04-14,165.78134155273438,166.74193400668685,162.49766337608278,163.7327108168788,9877300,PG
2025-04-15,165.13441467285156,166.79095626444155,164.94817414503837,165.7911473532041,8765000,PG
2025-04-16,163.09559631347656,166.32045008376,162.5074699020121,165.9381724033109,5897500,PG
2025-04-17,167.25164794921875,168.25144188079534,164.03659089354093,164.21301983793367,7227100,PG
2025-04-21,163.48098754882812,167.6234892007177,162.03110971318088,167.5643129706759,8062400,PG
2025-04-22,165.5818328857422,166.4596487418237,162.28754395345447,163.5894812051201,7907400,PG
2025-04-23,163.4612579345703,164.3292161125792,160.87712887719692,164.12208425649763,9309200,PG
2025-04-24,157.34613037109375,158.7565623690021,154.43651708228148,158.30285286655385,20077700,PG
2025-04-25,158.8157501220703,159.58507124951683,155.61024040774095,157.69135654734797,12892800,PG
2025-04-28,159.63436889648438,160.33464096061272,158.19434886828768,158.83544470726767,8127000,PG
2025-04-29,160.03875732421875,160.16698252202323,157.02064920594285,159.08203480961419,8266200,PG
2025-04-30,160.3445281982422,160.9264478646976,157.76038408380762,160.2261606873367,12475500,PG
2025-05-01,157.78997802734375,159.1412338899251,156.87271632090494,158.4606771142284,6792800,PG
2025-05-02,158.3225860595703,159.5949201464382,157.71106323689608,158.72696197871076,5750200,PG
2025-05-05,156.65573120117188,158.70725927513263,155.85682193749486,158.68752884704355,7576200,PG
2025-05-06,157.06997680664062,157.5236863443362,155.49187368846367,155.87653425415712,7703800,PG
2025-05-07,157.1094207763672,157.85902652120038,156.36968777022278,156.8431277300879,6430000,PG
2025-05-08,156.47817993164062,157.80970534041288,155.84694171227522,156.2118868898112,7230800,PG
2025-05-09,155.50172424316406,156.9516019492993,155.2551466067452,155.85679664160338,6453200,PG
2025-05-12,158.69737243652344,158.84532805918576,154.54501316215982,155.2748733876335,7378400,PG
2025-05-13,156.5570831298828,158.51984671463705,155.2058423737423,157.82943227901438,7780800,PG
2025-05-14,155.8568115234375,156.98120505087292,155.41297474548517,155.95543355747913,5988900,PG
2025-05-15,160.18670654296875,160.67986183799675,156.52748763190277,157.40530345505638,8727300,PG
2025-05-16,161.0447998046875,161.19274038045822,159.63438281598673,160.42341928663853,7100800,PG
2025-05-19,162.514404296875,162.889192096753,161.17302125807143,161.2321974870045,8119900,PG
2025-05-20,163.3724822998047,163.72755470719,162.34672592841662,162.3565836161561,5576600,PG
2025-05-21,163.1653594970703,164.09249389271022,162.36645029867168,162.56372446362928,6424200,PG
2025-05-22,162.77084350585938,163.92482514718645,161.77467517870676,162.18892384098524,6245600,PG
2025-05-23,163.5894775390625,163.94454995884084,161.24205348331088,162.57357881995605,5349800,PG
2025-05-27,165.46347045898438,165.68046000759375,163.00756655412414,163.00756655412414,11423800,PG
2025-05-28,165.06895446777344,166.52869004658973,164.7730582565509,165.3549779403478,5385900,PG
2025-05-29,166.25250244140625,166.67662380013564,164.1615289097208,164.4574250821057,4842500,PG
2025-05-30,167.56430053710938,168.64924817372332,166.29196653590282,166.4399071000298,12587500,PG
2025-06-02,165.4832000732422,166.72594607743184,163.9544155518787,166.70623070031422,7574400,PG
2025-06-03,164.56593322753906,165.11826476762872,163.62892609713083,164.496884260075,6223000,PG
2025-06-04,163.67823791503906,165.74949615520322,163.64864980160002,164.40811316298087,4939000,PG
2025-06-05,160.5713653564453,163.17522468439176,160.28532686043658,163.1653519466573,10351800,PG
2025-06-06,161.77467346191406,162.9779736323892,161.04479817903226,161.0546558673488,5697700,PG
2025-06-09,160.33465576171875,161.7746759228492,159.85137317845712,161.15329540162023,6544200,PG
2025-06-10,160.61082458496094,161.27165092249925,159.70342058192745,160.46288400562636,7680000,PG
2025-06-11,159.8908233642578,160.5417920186331,159.47657468872077,160.4037091267874,5960100,PG
2025-06-12,160.94615173339844,161.07437692358334,159.46668587706785,159.75272437057185,6509900,PG
2025-06-13,158.0858612060547,160.7982153464816,157.7209311013124,160.53190727144803,7104500,PG
2025-06-16,158.6776580810547,159.7330026232889,157.81955760382795,158.6776580810547,6332000,PG
2025-06-17,156.3499755859375,158.17464134174998,156.14284371802773,157.86888743428398,6809700,PG
2025-06-18,155.8568115234375,156.47817699260838,155.50173909109444,156.37955495856676,7211200,PG
2025-06-20,156.9022979736328,157.1587333213417,155.68914010383605,155.86666879457928,16173400,PG
2025-06-23,158.82559204101562,158.98340534633695,156.8233827607047,156.8924317254972,6588200,PG
2025-06-24,158.16477966308594,159.52589320382717,157.46449246533902,158.97354658663627,7470100,PG
2025-06-25,156.79379272460938,158.1450333913299,156.53735739403544,157.63216273018202,5933700,PG
2025-06-26,156.45846557617188,157.37572727049826,155.01844538357764,157.36586958181638,7410400,PG
2025-06-27,157.67161560058594,157.93792368075256,156.1231007102495,156.5077612483099,19257000,PG
2025-06-30,157.13900756835938,157.71105445625167,155.96529557959477,157.07981629211417,11238200,PG
2025-07-01,159.01300048828125,160.30506500166103,157.19819254658609,157.69134786008405,10664900,PG
2025-07-02,158.99327087402344,159.1412264987722,157.67161823907426,158.9340946440863,8848700,PG
2025-07-03,158.6283416748047,159.80205374170833,157.6025701836007,159.57519145909427,6999600,PG
2025-07-07,158.3028564453125,158.97354045115713,157.10941395856372,158.6875169898189,7225700,PG
2025-07-08,155.72857666015625,157.5927030517978,155.28473990974732,157.3362677193161,12034800,PG
2025-07-09,155.36366271972656,156.0343467590009,153.8151477262562,155.9357247208229,18770900,PG
2025-07-10,156.32037353515625,157.42503659912373,154.89021111495595,155.60035595605092,7200500,PG
2025-07-11,154.90008544921875,155.88639606646956,154.29843537069954,155.88639606646956,8053800,PG
2025-07-14,151.6551055908203,153.667187551922,150.76743211086085,153.45019802572665,11491700,PG
2025-07-15,150.5898895263672,151.94114523153604,149.8205684912631,151.45784763772764,9142600,PG
2025-07-16,151.6255340576172,151.65512217352418,150.18552891712318,150.6490961328743,8479000,PG
2025-07-17,153.48965454101562,153.61787973814734,151.7734836866351,151.9312819485982,8320000,PG
2025-07-18,154.02293395996094,154.48967131733502,152.56314097461245,152.71209325767808,7337300,PG
2025-07-21,153.9534149169922,154.85709918759682,153.81438773327042,153.99314562824213,6328400,PG
2025-07-22,157.2205810546875,157.27022171595968,153.82431732648985,153.8441826826949,8187000,PG
2025-07-23,157.18084716796875,157.77668661947166,156.58500771646584,157.1212662533838,4804800,PG
2025-07-24,157.70716857910156,157.91571693711268,156.9524517246759,157.76674949486846,7027400,PG
2025-07-25,157.20071411132812,157.33974129770593,155.92960407792336,156.24737400986112,5799900,PG
2025-07-28,156.0189666748047,156.99215692470844,155.14507289368441,156.5353598320872,7885000,PG
2025-07-29,155.52244567871094,157.54827253389936,153.7647329385151,157.54827253389936,11466100,PG
2025-07-30,151.81834411621094,155.90972831611163,150.99410615454462,155.90972831611163,8162900,PG
2025-07-31,149.42507934570312,150.94445322182833,148.86897062670647,150.74584512973325,11845400,PG
2025-08-01,149.60382080078125,152.42411023453823,149.47473387607997,150.7259784831005,8594200,PG
2025-08-04,149.7130584716797,150.40820952169784,148.97820701728784,149.20660556504535,7679400,PG
2025-08-05,149.4647979736328,151.02390259190332,149.27613013160342,149.66342122263458,6670100,PG
2025-08-06,151.79849243164062,152.41418210669133,149.16690093070395,149.81238106404246,7376200,PG
2025-08-07,152.4241180419922,152.94049607289915,151.63959558843922,152.05667714547644,6719000,PG
2025-08-08,152.4439697265625,152.72202410062286,151.51051012954667,151.7091182320431,5811000,PG
2025-08-11,153.9037628173828,154.3109192769718,152.2453616741109,152.47376023441552,7331700,PG
2025-08-12,154.01300048828125,154.45987250998377,153.23841827657637,153.98321003035622,6938000,PG
2025-08-13,154.33078002929688,155.9196599552201,153.8739677694877,154.1321719326598,5812400,PG
2025-08-14,152.67237854003906,153.6257034625584,152.20564118009628,153.56612254900423,6343700,PG
2025-08-15,153.28807067871094,154.51946513923528,153.13911839240126,153.39730740628025,7121700,PG
2025-08-18,154.6386260986328,155.83028984088853,153.09938681984036,153.34765073084475,8274500,PG
2025-08-19,157.3000030517578,157.59792276624896,154.5889654708232,154.6485463831562,7868100,PG
2025-08-20,158.4022979736328,159.91174677295075,157.3099458731055,157.47876351174628,7840400,PG
2025-08-21,157.62771606445312,157.9554262410194,156.08847680585137,156.83326852909482,6417500,PG
2025-08-22,157.56813049316406,159.56416679743407,157.21062987046224,158.27320663756868,5797300,PG
2025-08-25,155.0656280517578,157.59792289780728,154.80743904715723,157.2900780819457,4692500,PG
2025-08-26,154.8868865966797,155.61181295804715,154.26125670583,154.83723078500768,6338000,PG
2025-08-27,155.87002563476562,156.03884328141413,154.70813715889145,155.065637808508,4551200,PG
2025-08-28,154.56910705566406,155.91966335621234,153.9534173968114,155.90973825465326,5857400,PG
2025-08-29,155.94944763183594,156.4658407961474,154.56910092850094,155.00604782500864,5318200,PG
2025-09-02,156.8928680419922,157.75682161102972,155.88987213484802,156.26723813181923,6432800,PG
2025-09-03,157.0716094970703,157.53834686228527,155.4132083888322,156.5552163190572,6592500,PG
2025-09-04,158.08453369140625,158.64064243919776,156.7141120251865,157.41918821438233,6934900,PG
2025-09-05,158.9087677001953,159.4450110783647,157.3099475142396,157.44897469767807,6436200,PG
2025-09-08,157.90577697753906,159.15703682228894,157.15106012170375,158.5016164419749,7178400,PG
2025-09-09,158.3526611328125,158.75980243449237,157.10140131192162,157.50855776642823,4984900,PG
2025-09-10,156.25730895996094,157.8362637701154,154.8074410773866,157.49862849363453,6205500,PG
2025-09-11,157.52842712402344,158.2434284247454,156.29703262770738,156.62474281994054,5819500,PG
2025-09-12,156.80348205566406,158.02495142284727,156.6843202258225,156.83327251312446,5957000,PG
2025-09-15,155.7409210205078,157.4191875108382,155.11529110562498,156.78363249437024,5995000,PG
2025-09-16,156.95245361328125,157.2900889085744,155.80050538516994,156.04876930573735,6559600,PG
2025-09-17,159.21661376953125,160.5473047003985,157.3297989477332,157.3297989477332,6764200,PG
2025-09-18,156.22752380371094,157.91571539621702,156.06863126133166,157.05174666754644,7651500,PG
2025-09-19,154.95639038085938,156.52542005959327,154.88688436777977,156.5154949585322,17224800,PG
2025-09-22,152.0070343017578,154.99612632734056,151.98716894613847,154.99612632734056,8712900,PG
2025-09-23,151.44097900390625,152.22548626068308,149.92160514809314,152.136114893359,8853400,PG
2025-09-24,151.36154174804688,152.5631457628522,150.735911833883,150.994116003069,6483300,PG
2025-09-25,151.09341430664062,152.8114115277917,150.72598855721418,152.16591624983818,7511400,PG
2025-09-26,151.44097900390625,151.6197217385544,150.47771385965532,151.17284974910808,5721100,PG
2025-09-29,152.46383666992188,152.65251967274722,150.73591433927763,151.36154426384016,8139700,PG
2025-09-30,152.58299255371094,153.30793407870752,151.778619912247,152.3943247110678,7762600,PG
2025-10-01,152.1162567138672,152.8213328903871,150.3585591289462,152.63264989302996,7566000,PG
2025-10-02,150.99411010742188,151.7389018226974,150.57702856520672,151.65945555472885,6892100,PG
2025-10-03,151.21258544921875,152.36451846711844,150.9444561855714,150.9444561855714,5212600,PG
2025-10-06,149.36550903320312,151.26224902589098,149.35556877855595,150.4479360918388,6737000,PG
2025-10-07,151.48069763183594,152.1063275214406,149.0079988354484,149.71305984017872,6844400,PG
2025-10-08,149.6435546875,151.72896241014092,149.58397377439974,151.72896241014092,5254700,PG
2025-10-09,149.53431701660156,149.8222964790399,148.54126139700892,149.6932095524147,6134500,PG
2025-10-10,148.65049743652344,150.45785077638692,148.41215863390167,149.89181695529618,7374000,PG
2025-10-13,146.4657745361328,148.39228965383253,145.94938138614665,147.96528302316233,7511100,PG
2025-10-14,148.12417602539062,148.21354739216497,146.05861857170342,146.54522126774023,8585300,PG
2025-10-15,146.39625549316406,148.37244160243384,146.24730321352166,147.49854782099578,10003100,PG
2025-10-16,148.56112670898438,149.35555908216645,146.89278538908428,146.98215675814333,8809700,PG
2025-10-17,150.34861755371094,150.97424745464548,149.38535237248615,149.52439470853963,8612900,PG
2025-10-20,150.9047393798828,151.33174602509973,150.24931903097536,150.53729849486277,5601300,PG
2025-10-21,150.5670928955078,151.22251326158414,149.82230115755564,150.9047433328611,6013400,PG
2025-10-22,151.14306640625,152.39432621897618,149.74285430764053,150.249322385297,6394400,PG
2025-10-23,151.1529998779297,152.2354268476482,149.53431439744128,151.29202705612448,8205400,PG
2025-10-24,152.49000549316406,157.39999389648438,151.52999877929688,156.39999389648438,11968500,PG
2025-10-27,151.74000549316406,151.75999450683594,150.1300048828125,151.61000061035156,7775300,PG
2025-10-28,151.3699951171875,153.1699981689453,150.6199951171875,151.1199951171875,5819300,PG
2025-10-29,148.77000427246094,150.97000122070312,148.47000122070312,150.66000366210938,7405500,PG
2025-10-30,149.5800018310547,150.8000030517578,149.33999633789062,149.47000122070312,6760700,PG
2025-10-31,150.3699951171875,151.10000610351562,148.52999877929688,148.7100067138672,7930300,PG
2025-11-03,148.02000427246094,150.22000122070312,147.77000427246094,150.10000610351562,8946400,PG
2025-11-04,147.1699981689453,149.5,146.25,148.60000610351562,9295400,PG
2025-11-05,145.7899932861328,147.4199981689453,145.64999389648438,146.8699951171875,11199900,PG
2025-11-06,146.1300048828125,146.67999267578125,144.4600067138672,145.8800048828125,10024500,PG
2025-11-07,146.97999572753906,147.94000244140625,146.0,146.9499969482422,8500100,PG
2025-11-10,145.5,146.6199951171875,144.08999633789062,146.3800048828125,10208100,PG
2025-11-11,148.5399932861328,148.64999389648438,145.6699981689453,145.9600067138672,7332500,PG
2025-11-12,148.00999450683594,149.14999389648438,147.50999450683594,148.52999877929688,7851100,PG
2025-11-13,147.9600067138672,149.0,147.63999938964844,148.17999267578125,7566800,PG
2025-11-14,147.6699981689453,149.3800048828125,147.61000061035156,149.10000610351562,9150800,PG
2025-11-17,145.82000732421875,147.97999572753906,145.00999450683594,147.75,9902300,PG
2025-11-18,146.99000549316406,147.38999938964844,145.50999450683594,146.3300018310547,10735200,PG
2025-11-19,146.99000549316406,147.5399932861328,145.86000061035156,146.9600067138672,6367000,PG
2025-11-20,148.19000244140625,148.66000366210938,146.1300048828125,146.63999938964844,9021300,PG
2025-11-21,150.9199981689453,151.5,148.3000030517578,148.3800048828125,12018000,PG
2025-11-24,146.97999572753906,150.41000366210938,146.5399932861328,150.10000610351562,13846900,PG
2025-11-25,148.49000549316406,148.64999389648438,147.22000122070312,147.32000732421875,10477700,PG
2025-11-26,148.25,148.97000122070312,147.61000061035156,147.9199981689453,9238500,PG
2025-11-28,148.16000366210938,148.7100067138672,147.17999267578125,147.8000030517578,4707200,PG
2025-12-01,147.44000244140625,148.88999938964844,147.35000610351562,148.10000610351562,8240700,PG
2025-12-02,145.86000061035156,146.19000244140625,142.50999450683594,145.2899932861328,16376800,PG
2025-12-03,146.7100067138672,148.2899932861328,145.86000061035156,145.9199981689453,9125300,PG
2025-12-04,145.36000061035156,147.4199981689453,144.5,146.6699981689453,10479300,PG
2025-12-05,143.4499969482422,145.6300048828125,143.25,145.16000366210938,12791700,PG
2025-12-08,138.33999633789062,142.91000366210938,138.13999938964844,142.91000366210938,17507500,PG
2025-12-09,139.6300048828125,140.8800048828125,139.0,139.19000244140625,10375700,PG
2025-12-10,139.82000732421875,141.27999877929688,139.5399932861328,139.64999389648438,13650400,PG
2025-12-11,140.75999450683594,141.83999633789062,140.36000061035156,141.0,11798000,PG
2025-12-12,142.83999633789062,143.11000061035156,140.83999633789062,141.0,10268800,PG
2025-12-15,145.1300048828125,145.32000732421875,143.1999969482422,143.27000427246094,13877700,PG
2025-12-16,145.2100067138672,146.5399932861328,144.64999389648438,146.10000610351562,10251700,PG
2025-12-17,147.80999755859375,148.4499969482422,146.4499969482422,146.69000244140625,9833300,PG
2025-12-18,145.52000427246094,147.5,145.35000610351562,146.6199951171875,12239900,PG
2025-12-19,144.4600067138672,146.0500030517578,143.94000244140625,145.50999450683594,19345600,PG
2025-12-22,142.69000244140625,144.39999389648438,142.4199981689453,143.7100067138672,11731400,PG
2025-12-23,143.17999267578125,143.72999572753906,142.0800018310547,142.49000549316406,9541600,PG
2025-12-24,144.49000549316406,144.74000549316406,142.8300018310547,142.89999389648438,3259200,PG
2025-12-26,144.74000549316406,145.63999938964844,144.30999755859375,144.30999755859375,4711500,PG
2025-12-29,144.57000732421875,145.07000732421875,143.9499969482422,144.8000030517578,7662100,PG
2025-12-30,144.0500030517578,144.4600067138672,143.57000732421875,144.2899932861328,6006400,PG
2025-12-31,143.30999755859375,144.13999938964844,143.22999572753906,144.0,5293200,PG
2026-01-02,141.7899932861328,143.33999633789062,141.24000549316406,143.11000061035156,8946100,PG
2026-01-05,140.3699951171875,141.35000610351562,139.60000610351562,141.10000610351562,12297300,PG
2026-01-06,139.91000366210938,141.4199981689453,139.50999450683594,140.38999938964844,10421800,PG
2026-01-07,138.0399932861328,139.8000030517578,137.6199951171875,139.8000030517578,14369100,PG
2026-01-08,141.52999877929688,141.77999877929688,137.82000732421875,137.88999938964844,9297100,PG
2026-01-09,141.8699951171875,142.3300018310547,140.8300018310547,141.6999969482422,9528500,PG
2026-01-12,143.4600067138672,143.8800048828125,141.7100067138672,142.27999877929688,12812000,PG
