Ticker,Accuracy,Precision,Recall
MSFT,0.5926,0.5897,0.6667
NVDA,0.4815,0.5098,0.3662
AAPL,0.563,0.6905,0.3867
AMZN,0.5556,0.6087,0.2154
GOOG,0.5111,0.3333,0.0312
GOOGL,0.4963,0.375,0.0455
META,0.4963,0.5397,0.4658
AVGO,0.5111,0.5172,0.4412
TSLA,0.5111,0.5278,0.2794
WMT,0.4889,0.4865,0.2647
JPM,0.4444,0.5128,0.2632
LLY,0.5481,0.6,0.1406
V,0.5037,0.5062,0.6029
MA,0.5481,0.5405,0.597
ORCL,0.4593,0.4412,0.7377
NFLX,0.3778,0.3738,0.7018
XOM,0.5556,0.5524,0.8169
COST,0.4667,0.449,0.3284
PG,0.4815,0.5062,0.5775
JNJ,0.4519,0.425,0.25
HD,0.4667,0.4545,0.625
ABBV,0.4889,0.5161,0.2286
BAC,0.5185,0.6279,0.3553
PLTR,0.5333,0.5287,0.6765
KO,0.5407,0.6176,0.3
PM,0.4963,0.5814,0.3333
UNH,0.5037,0.5,0.2985
TMUS,0.5556,0.5182,0.8906
IBM,0.6,0.5842,0.831
GE,0.4815,0.5556,0.2703
CSCO,0.5185,0.7037,0.25
CRM,0.5407,0.4754,0.4915
CVX,0.5333,0.5312,0.9577
WFC,0.5111,0.5513,0.5811
ABT,0.4889,0.4694,0.7302
LIN,0.5704,0.6,0.1935
MCD,0.4963,0.4127,0.4561
DIS,0.4519,0.4286,0.5238
INTU,0.437,0.4394,0.9667
MS,0.5481,0.75,0.1739
AXP,0.5481,0.5114,0.7143
NOW,0.5852,0.5568,0.7424
T,0.5111,0.4845,0.746
MRK,0.5259,0.619,0.1884
ACN,0.5037,0.4815,0.4
AMD,0.4815,0.7083,0.2125
RTX,0.4963,0.4677,0.4531
GS,0.563,0.5952,0.3731
ISRG,0.5556,0.5398,0.8841
